dataset,cell,k_max,dynamic,k_reg,seed,wall_time_s,mse,nll_gaussian,nll_mdn,effective_k,max_p_mid,sum_p_mid
heteroscedastic,B,3,NONE,NONE,42,9.3,3.328209,1.908846,3.200055,3.0,0.2886,0.2886
heteroscedastic,B,3,NONE,NONE,123,7.1,2.358682,1.674373,8.10471,3.0,0.0453,0.0453
heteroscedastic,B,3,NONE,NONE,7,8.8,2.433323,1.613057,1.723221,3.0,0.0083,0.0083
heteroscedastic,B,3,NONE,NONE,2026,7.0,2.353408,1.713692,1.812558,3.0,0.036,0.036
heteroscedastic,B,3,NONE,NONE,31,7.1,1.724486,1.608216,1.952886,3.0,0.0771,0.0771
heteroscedastic,B,3,SOFT_GATING,NONE,42,9.0,1.874287,1.463228,,2.6296,0.084,0.084
heteroscedastic,B,3,SOFT_GATING,NONE,123,8.8,1.802501,1.394619,,2.7966,0.4129,0.4129
heteroscedastic,B,3,SOFT_GATING,NONE,7,7.3,1.715944,1.296598,,2.9035,0.1265,0.1265
heteroscedastic,B,3,SOFT_GATING,NONE,2026,10.1,1.945029,1.530113,,2.4061,0.0,0.0
heteroscedastic,B,3,SOFT_GATING,NONE,31,10.0,1.598123,1.340301,,2.9727,0.3428,0.3428
heteroscedastic,B,3,SOFT_GATING,K_PENALTY,42,9.1,1.891525,1.450295,,2.5719,0.0974,0.0974
heteroscedastic,B,3,SOFT_GATING,K_PENALTY,123,8.2,2.086922,1.510839,,2.6616,0.4086,0.4086
heteroscedastic,B,3,SOFT_GATING,K_PENALTY,7,7.3,1.748231,1.30707,,2.8696,0.1126,0.1126
heteroscedastic,B,3,SOFT_GATING,K_PENALTY,2026,11.7,1.935548,1.571293,,2.3628,0.0,0.0
heteroscedastic,B,3,SOFT_GATING,K_PENALTY,31,10.0,1.596293,1.338018,,2.9554,0.3459,0.3459
heteroscedastic,B,3,SOFT_GATING,ELBO,42,13.7,1.936296,1.447888,,2.3436,0.0684,0.0684
heteroscedastic,B,3,SOFT_GATING,ELBO,123,12.9,1.840095,1.436275,,2.3557,0.4759,0.4759
heteroscedastic,B,3,SOFT_GATING,ELBO,7,9.8,1.755494,1.324891,,2.3475,0.2755,0.2755
heteroscedastic,B,3,SOFT_GATING,ELBO,2026,13.2,1.797994,1.514121,,2.3428,0.0423,0.0423
heteroscedastic,B,3,SOFT_GATING,ELBO,31,14.0,1.59531,1.407022,,2.3484,0.5429,0.5429
heteroscedastic,B,3,GUMBEL_SOFTMAX,NONE,42,11.5,1.92484,1.499551,,2.8371,0.1323,0.1323
heteroscedastic,B,3,GUMBEL_SOFTMAX,NONE,123,11.7,1.724299,1.409238,,3.0,0.9628,0.9628
heteroscedastic,B,3,GUMBEL_SOFTMAX,NONE,7,7.4,1.731572,1.325173,,3.0,0.0404,0.0404
heteroscedastic,B,3,GUMBEL_SOFTMAX,NONE,2026,11.7,2.709859,1.634056,,3.0,0.009,0.009
heteroscedastic,B,3,GUMBEL_SOFTMAX,NONE,31,4.7,1.699084,1.414235,,2.9999,0.0237,0.0237
heteroscedastic,B,3,GUMBEL_SOFTMAX,K_PENALTY,42,7.5,2.075049,1.531108,,2.7679,0.1207,0.1207
heteroscedastic,B,3,GUMBEL_SOFTMAX,K_PENALTY,123,12.1,1.72406,1.409075,,3.0,0.9628,0.9628
heteroscedastic,B,3,GUMBEL_SOFTMAX,K_PENALTY,7,6.6,1.690385,1.312006,,3.0,0.095,0.095
heteroscedastic,B,3,GUMBEL_SOFTMAX,K_PENALTY,2026,12.1,2.763391,1.706495,,2.7325,0.0079,0.0079
heteroscedastic,B,3,GUMBEL_SOFTMAX,K_PENALTY,31,6.3,1.689826,1.376888,,3.0,0.0257,0.0257
heteroscedastic,B,3,GUMBEL_SOFTMAX,ELBO,42,2.7,2.975573,2.004767,,2.1464,0.0665,0.0665
heteroscedastic,B,3,GUMBEL_SOFTMAX,ELBO,123,7.3,2.566278,1.848923,,2.0563,0.3432,0.3432
heteroscedastic,B,3,GUMBEL_SOFTMAX,ELBO,7,4.6,2.100169,1.742698,,2.1335,0.1232,0.1232
heteroscedastic,B,3,GUMBEL_SOFTMAX,ELBO,2026,9.4,2.540305,1.789191,,2.1108,0.0394,0.0394
heteroscedastic,B,3,GUMBEL_SOFTMAX,ELBO,31,8.7,2.176654,1.733329,,2.0997,0.0219,0.0219
heteroscedastic,C,3,NONE,NONE,42,6.3,1.757382,1.621961,2.479292,3.0,0.273,0.273
heteroscedastic,C,3,NONE,NONE,123,8.8,1.915358,1.632057,5.322799,3.0,0.309,0.309
heteroscedastic,C,3,NONE,NONE,7,4.9,1.768422,1.649047,3.000116,3.0,0.3111,0.3111
heteroscedastic,C,3,NONE,NONE,2026,5.1,2.074809,1.777936,3.352967,3.0,0.3058,0.3058
heteroscedastic,C,3,NONE,NONE,31,5.1,1.774374,1.653498,2.435627,3.0,0.3765,0.3765
heteroscedastic,B,5,NONE,NONE,42,8.3,2.632525,1.744632,7.128376,5.0,0.4413,0.4564
heteroscedastic,B,5,NONE,NONE,123,5.2,1.819165,1.645264,2.325082,5.0,0.5405,0.6442
heteroscedastic,B,5,NONE,NONE,7,8.8,2.285097,1.704098,1.920863,5.0,0.5993,0.6191
heteroscedastic,B,5,NONE,NONE,2026,9.7,2.390847,1.658191,2.504017,5.0,0.6741,0.6904
heteroscedastic,B,5,NONE,NONE,31,10.1,2.309219,1.671653,2.203551,5.0,0.5584,0.5829
heteroscedastic,B,5,SOFT_GATING,NONE,42,12.3,1.927454,1.424697,,3.2919,0.9835,0.9983
heteroscedastic,B,5,SOFT_GATING,NONE,123,21.0,1.813287,1.448674,,3.3732,0.2885,0.2999
heteroscedastic,B,5,SOFT_GATING,NONE,7,13.8,1.617973,1.30103,,3.8198,0.5976,0.6248
heteroscedastic,B,5,SOFT_GATING,NONE,2026,9.6,2.081897,1.720171,,4.1194,0.0026,0.005
heteroscedastic,B,5,SOFT_GATING,NONE,31,19.8,1.681129,1.503621,,3.4796,0.9433,1.0
heteroscedastic,B,5,SOFT_GATING,K_PENALTY,42,12.2,1.911736,1.420279,,3.0941,0.8922,0.9982
heteroscedastic,B,5,SOFT_GATING,K_PENALTY,123,11.0,1.957166,1.483518,,2.8798,0.1353,0.144
heteroscedastic,B,5,SOFT_GATING,K_PENALTY,7,14.2,1.609935,1.302324,,3.572,0.6022,0.6417
heteroscedastic,B,5,SOFT_GATING,K_PENALTY,2026,21.4,1.9604,1.511479,,3.8788,0.0021,0.0038
heteroscedastic,B,5,SOFT_GATING,K_PENALTY,31,20.1,2.194025,1.546994,,2.3223,0.9809,0.9955
heteroscedastic,B,5,SOFT_GATING,ELBO,42,21.8,1.791945,1.420271,,3.0443,0.9576,0.9979
heteroscedastic,B,5,SOFT_GATING,ELBO,123,27.2,1.775874,1.437394,,3.0284,0.2907,0.3176
heteroscedastic,B,5,SOFT_GATING,ELBO,7,18.4,1.680519,1.318411,,3.1051,0.744,0.8066
heteroscedastic,B,5,SOFT_GATING,ELBO,2026,16.1,1.948979,1.610254,,3.0842,0.3282,0.3983
heteroscedastic,B,5,SOFT_GATING,ELBO,31,18.4,2.199204,1.428595,,3.1629,0.5849,0.6165
heteroscedastic,B,5,GUMBEL_SOFTMAX,NONE,42,14.5,2.084594,1.537632,,4.1367,0.9574,0.9934
heteroscedastic,B,5,GUMBEL_SOFTMAX,NONE,123,22.8,2.113118,1.706112,,4.2476,0.3398,0.3443
heteroscedastic,B,5,GUMBEL_SOFTMAX,NONE,7,15.7,1.659552,1.324499,,4.9996,0.6701,0.693
heteroscedastic,B,5,GUMBEL_SOFTMAX,NONE,2026,24.3,2.590601,1.613081,,4.2491,0.1209,0.1228
heteroscedastic,B,5,GUMBEL_SOFTMAX,NONE,31,22.8,2.047958,1.524446,,3.5963,0.456,0.5223
heteroscedastic,B,5,GUMBEL_SOFTMAX,K_PENALTY,42,17.1,2.029133,1.589868,,3.7638,0.935,0.9907
heteroscedastic,B,5,GUMBEL_SOFTMAX,K_PENALTY,123,23.0,2.528316,1.646765,,3.2028,0.438,0.4404
heteroscedastic,B,5,GUMBEL_SOFTMAX,K_PENALTY,7,12.1,1.780724,1.332158,,3.5855,0.9423,0.9912
heteroscedastic,B,5,GUMBEL_SOFTMAX,K_PENALTY,2026,23.6,2.438795,1.587008,,2.5005,0.1009,0.2108
heteroscedastic,B,5,GUMBEL_SOFTMAX,K_PENALTY,31,22.7,2.239962,1.595071,,2.2721,0.5195,0.5406
heteroscedastic,B,5,GUMBEL_SOFTMAX,ELBO,42,21.2,2.335443,1.666932,,2.3493,0.8458,0.8513
heteroscedastic,B,5,GUMBEL_SOFTMAX,ELBO,123,4.6,2.607013,1.909699,,2.2367,0.4982,0.5116
heteroscedastic,B,5,GUMBEL_SOFTMAX,ELBO,7,10.0,1.962088,1.710128,,2.341,0.6001,0.6365
heteroscedastic,B,5,GUMBEL_SOFTMAX,ELBO,2026,20.3,2.202297,1.73337,,2.4414,0.4206,0.5023
heteroscedastic,B,5,GUMBEL_SOFTMAX,ELBO,31,6.5,2.330447,1.845482,,2.2685,0.4733,0.5026
heteroscedastic,C,5,NONE,NONE,42,10.8,1.897622,1.62763,4.520601,5.0,0.3582,0.5754
heteroscedastic,C,5,NONE,NONE,123,8.2,1.731213,1.604685,3.678042,5.0,0.3585,0.5556
heteroscedastic,C,5,NONE,NONE,7,9.8,1.693855,1.580217,2.786475,5.0,0.3516,0.5516
heteroscedastic,C,5,NONE,NONE,2026,6.6,1.84661,1.639767,2.662064,5.0,0.391,0.6236
heteroscedastic,C,5,NONE,NONE,31,10.8,1.672246,1.551912,4.469366,5.0,0.4134,0.6275
heteroscedastic,B,7,NONE,NONE,42,11.7,2.564708,1.758441,3.074856,7.0,0.1347,0.1352
heteroscedastic,B,7,NONE,NONE,123,11.3,2.333239,1.589625,3.472029,7.0,0.0266,0.0269
heteroscedastic,B,7,NONE,NONE,7,11.0,2.046116,1.562066,2.621234,7.0,0.0224,0.0279
heteroscedastic,B,7,NONE,NONE,2026,11.1,2.02784,1.550393,3.109129,7.0,0.0006,0.0011
heteroscedastic,B,7,NONE,NONE,31,10.9,1.705381,1.438834,2.81692,7.0,0.2888,0.2895
heteroscedastic,B,7,SOFT_GATING,NONE,42,19.0,1.941369,1.560217,,5.3231,0.5991,0.6102
heteroscedastic,B,7,SOFT_GATING,NONE,123,28.4,1.748521,1.413007,,6.4059,0.1938,0.1947
heteroscedastic,B,7,SOFT_GATING,NONE,7,16.5,1.685132,1.336387,,5.1587,0.2758,0.2838
heteroscedastic,B,7,SOFT_GATING,NONE,2026,21.8,1.992474,1.662,,4.7109,0.6869,0.8101
heteroscedastic,B,7,SOFT_GATING,NONE,31,24.6,1.737293,1.418102,,5.976,0.0636,0.0643
heteroscedastic,B,7,SOFT_GATING,K_PENALTY,42,19.2,2.018463,1.571236,,4.5269,0.6038,0.6093
heteroscedastic,B,7,SOFT_GATING,K_PENALTY,123,40.7,1.795944,1.471355,,4.8979,0.0005,0.0009
heteroscedastic,B,7,SOFT_GATING,K_PENALTY,7,25.5,1.6192,1.330047,,4.2841,0.0462,0.0579
heteroscedastic,B,7,SOFT_GATING,K_PENALTY,2026,21.7,1.965204,1.640544,,3.873,0.657,0.7384
heteroscedastic,B,7,SOFT_GATING,K_PENALTY,31,16.4,1.982443,1.401632,,5.8697,0.0519,0.0522
heteroscedastic,B,7,SOFT_GATING,ELBO,42,28.0,1.947866,1.517097,,3.7865,0.6559,0.656
heteroscedastic,B,7,SOFT_GATING,ELBO,123,34.2,1.772191,1.483934,,3.7571,0.5346,0.5449
heteroscedastic,B,7,SOFT_GATING,ELBO,7,19.9,1.595695,1.273204,,3.8028,0.3934,0.3962
heteroscedastic,B,7,SOFT_GATING,ELBO,2026,21.6,1.944661,1.553585,,3.875,0.6052,0.6104
heteroscedastic,B,7,SOFT_GATING,ELBO,31,25.2,1.808371,1.380749,,3.7439,0.0667,0.0671
heteroscedastic,B,7,GUMBEL_SOFTMAX,NONE,42,19.7,2.153165,1.496771,,6.7496,0.5071,0.5279
heteroscedastic,B,7,GUMBEL_SOFTMAX,NONE,123,21.0,1.704129,1.398037,,5.5607,0.2074,0.2148
heteroscedastic,B,7,GUMBEL_SOFTMAX,NONE,7,22.5,1.964289,1.486603,,6.2438,0.2203,0.2215
heteroscedastic,B,7,GUMBEL_SOFTMAX,NONE,2026,13.3,1.905184,1.604044,,4.7689,0.4783,0.5704
heteroscedastic,B,7,GUMBEL_SOFTMAX,NONE,31,18.9,1.672787,1.358576,,6.7588,0.0649,0.0675
heteroscedastic,B,7,GUMBEL_SOFTMAX,K_PENALTY,42,24.7,2.109185,1.550842,,5.6169,0.4992,0.504
heteroscedastic,B,7,GUMBEL_SOFTMAX,K_PENALTY,123,23.3,1.806342,1.428309,,5.7865,0.2205,0.229
heteroscedastic,B,7,GUMBEL_SOFTMAX,K_PENALTY,7,18.8,1.966084,1.554582,,3.1778,0.1799,0.1836
heteroscedastic,B,7,GUMBEL_SOFTMAX,K_PENALTY,2026,13.1,1.889206,1.588815,,4.4167,0.2698,0.2965
heteroscedastic,B,7,GUMBEL_SOFTMAX,K_PENALTY,31,28.7,1.800806,1.390822,,6.6669,0.0941,0.0964
heteroscedastic,B,7,GUMBEL_SOFTMAX,ELBO,42,10.3,2.359643,1.83542,,2.7873,0.5444,0.5654
heteroscedastic,B,7,GUMBEL_SOFTMAX,ELBO,123,15.0,2.050797,1.716844,,2.7213,0.0908,0.0941
heteroscedastic,B,7,GUMBEL_SOFTMAX,ELBO,7,20.1,2.303226,1.755357,,2.7958,0.1268,0.1361
heteroscedastic,B,7,GUMBEL_SOFTMAX,ELBO,2026,11.2,2.652387,1.876141,,2.4978,0.0477,0.0872
heteroscedastic,B,7,GUMBEL_SOFTMAX,ELBO,31,43.8,1.75434,1.497852,,2.6187,0.1548,0.165
heteroscedastic,C,7,NONE,NONE,42,12.6,1.771178,1.582572,2.543987,7.0,0.2228,0.3726
heteroscedastic,C,7,NONE,NONE,123,12.6,1.710621,1.604404,6.419079,7.0,0.2791,0.4535
heteroscedastic,C,7,NONE,NONE,7,12.9,1.699646,1.555383,2.985071,7.0,0.2589,0.414
heteroscedastic,C,7,NONE,NONE,2026,12.5,1.866165,1.641835,5.533927,7.0,0.2423,0.4204
heteroscedastic,C,7,NONE,NONE,31,7.8,1.590903,1.579312,3.1906,7.0,0.2223,0.4228
bimodal,B,3,NONE,NONE,42,5.5,2.359291,1.850259,1.878261,3.0,0.3289,0.3289
bimodal,B,3,NONE,NONE,123,1.9,2.302153,1.841264,1.816202,3.0,0.2905,0.2905
bimodal,B,3,NONE,NONE,7,7.1,2.343366,1.845664,1.786222,3.0,0.2619,0.2619
bimodal,B,3,NONE,NONE,2026,6.9,2.239917,1.825321,1.818886,3.0,0.3379,0.3379
bimodal,B,3,NONE,NONE,31,7.2,2.454535,1.87217,1.900559,3.0,0.2133,0.2133
bimodal,B,3,SOFT_GATING,NONE,42,3.8,2.336076,1.844738,,2.3813,0.1113,0.1113
bimodal,B,3,SOFT_GATING,NONE,123,4.0,2.300408,1.836337,,2.9896,0.767,0.767
bimodal,B,3,SOFT_GATING,NONE,7,4.3,2.513566,1.890836,,2.9099,0.2176,0.2176
bimodal,B,3,SOFT_GATING,NONE,2026,10.1,2.265398,1.828402,,2.3271,0.218,0.218
bimodal,B,3,SOFT_GATING,NONE,31,4.4,2.261192,1.826909,,2.9736,0.2063,0.2063
bimodal,B,3,SOFT_GATING,K_PENALTY,42,3.9,2.33165,1.843683,,2.3085,0.1045,0.1045
bimodal,B,3,SOFT_GATING,K_PENALTY,123,2.2,2.272552,1.832564,,2.9077,0.8474,0.8474
bimodal,B,3,SOFT_GATING,K_PENALTY,7,4.3,2.451059,1.874061,,2.623,0.2738,0.2738
bimodal,B,3,SOFT_GATING,K_PENALTY,2026,9.6,2.254162,1.826216,,2.2406,0.1681,0.1681
bimodal,B,3,SOFT_GATING,K_PENALTY,31,4.4,2.264272,1.828188,,2.9255,0.2808,0.2808
bimodal,B,3,SOFT_GATING,ELBO,42,13.2,2.33855,1.845564,,2.3143,0.278,0.278
bimodal,B,3,SOFT_GATING,ELBO,123,5.5,2.276696,1.831477,,2.3415,0.5827,0.5827
bimodal,B,3,SOFT_GATING,ELBO,7,5.6,2.324398,1.843051,,2.3221,0.2728,0.2728
bimodal,B,3,SOFT_GATING,ELBO,2026,6.9,2.258906,1.827034,,2.3415,0.3145,0.3145
bimodal,B,3,SOFT_GATING,ELBO,31,8.8,2.335985,1.844193,,2.3617,0.468,0.468
bimodal,B,3,GUMBEL_SOFTMAX,NONE,42,10.2,2.350903,1.847552,,2.9878,0.4036,0.4036
bimodal,B,3,GUMBEL_SOFTMAX,NONE,123,1.9,2.302629,1.837108,,2.9969,0.7926,0.7926
bimodal,B,3,GUMBEL_SOFTMAX,NONE,7,5.4,2.368417,1.852656,,2.9991,0.5075,0.5075
bimodal,B,3,GUMBEL_SOFTMAX,NONE,2026,7.2,2.27312,1.830723,,2.6227,0.3131,0.3131
bimodal,B,3,GUMBEL_SOFTMAX,NONE,31,3.3,2.253513,1.825385,,2.9994,0.1349,0.1349
bimodal,B,3,GUMBEL_SOFTMAX,K_PENALTY,42,4.2,2.347982,1.847551,,2.943,0.4047,0.4047
bimodal,B,3,GUMBEL_SOFTMAX,K_PENALTY,123,2.0,2.302685,1.837114,,2.9965,0.7873,0.7873
bimodal,B,3,GUMBEL_SOFTMAX,K_PENALTY,7,4.7,2.387234,1.856021,,2.9987,0.4753,0.4753
bimodal,B,3,GUMBEL_SOFTMAX,K_PENALTY,2026,7.3,2.275097,1.831593,,2.5421,0.3141,0.3141
bimodal,B,3,GUMBEL_SOFTMAX,K_PENALTY,31,4.4,2.26062,1.826637,,2.9992,0.1481,0.1481
bimodal,B,3,GUMBEL_SOFTMAX,ELBO,42,4.8,2.55142,1.8959,,2.1404,0.4094,0.4094
bimodal,B,3,GUMBEL_SOFTMAX,ELBO,123,4.3,3.101466,1.98417,,2.105,0.577,0.577
bimodal,B,3,GUMBEL_SOFTMAX,ELBO,7,8.1,2.776914,1.94998,,2.0829,0.3159,0.3159
bimodal,B,3,GUMBEL_SOFTMAX,ELBO,2026,5.1,2.29581,1.841143,,2.1525,0.19,0.19
bimodal,B,3,GUMBEL_SOFTMAX,ELBO,31,9.8,2.37485,1.859802,,2.0963,0.3878,0.3878
bimodal,C,3,NONE,NONE,42,6.7,2.344358,1.884728,1.861722,3.0,0.3325,0.3325
bimodal,C,3,NONE,NONE,123,2.3,2.616957,1.920035,1.911505,3.0,0.3316,0.3316
bimodal,C,3,NONE,NONE,7,5.0,2.771454,1.966013,1.972876,3.0,0.2746,0.2746
bimodal,C,3,NONE,NONE,2026,8.4,2.515981,1.891632,2.134189,3.0,0.3082,0.3082
bimodal,C,3,NONE,NONE,31,2.4,2.530647,1.904065,1.859269,3.0,0.3384,0.3384
bimodal,B,5,NONE,NONE,42,1.8,2.399004,1.862459,1.87296,5.0,0.1655,0.3407
bimodal,B,5,NONE,NONE,123,3.3,2.325876,1.843269,1.829526,5.0,0.5075,0.6705
bimodal,B,5,NONE,NONE,7,9.0,2.387771,1.855381,1.827012,5.0,0.404,0.6241
bimodal,B,5,NONE,NONE,2026,8.2,2.253464,1.825159,1.835225,5.0,0.6139,0.8665
bimodal,B,5,NONE,NONE,31,2.7,2.312043,1.839647,1.856953,5.0,0.4103,0.6314
bimodal,B,5,SOFT_GATING,NONE,42,8.3,2.362027,1.850036,,3.8461,0.7295,0.9283
bimodal,B,5,SOFT_GATING,NONE,123,10.6,2.326298,1.843381,,4.5278,0.0907,0.1157
bimodal,B,5,SOFT_GATING,NONE,7,9.6,2.375478,1.853047,,4.3516,0.7202,0.8665
bimodal,B,5,SOFT_GATING,NONE,2026,22.0,2.24446,1.82421,,4.2833,0.3386,0.4173
bimodal,B,5,SOFT_GATING,NONE,31,6.2,2.383655,1.853824,,2.9575,0.397,0.6073
bimodal,B,5,SOFT_GATING,K_PENALTY,42,8.8,2.348009,1.846356,,3.0164,0.6756,0.9582
bimodal,B,5,SOFT_GATING,K_PENALTY,123,11.9,2.337181,1.844981,,2.4553,0.2181,0.2419
bimodal,B,5,SOFT_GATING,K_PENALTY,7,24.1,2.382466,1.85701,,2.4469,0.6971,0.871
bimodal,B,5,SOFT_GATING,K_PENALTY,2026,22.8,2.255282,1.825518,,2.3891,0.375,0.4952
bimodal,B,5,SOFT_GATING,K_PENALTY,31,9.8,2.271638,1.83019,,2.231,0.5006,0.7368
bimodal,B,5,SOFT_GATING,ELBO,42,9.6,2.356423,1.848823,,2.994,0.807,0.9859
bimodal,B,5,SOFT_GATING,ELBO,123,8.2,2.340823,1.845045,,3.0987,0.3372,0.5753
bimodal,B,5,SOFT_GATING,ELBO,7,11.3,2.352642,1.847018,,3.0512,0.6612,0.8584
bimodal,B,5,SOFT_GATING,ELBO,2026,25.1,2.241111,1.822856,,3.0628,0.4301,0.5131
bimodal,B,5,SOFT_GATING,ELBO,31,13.3,2.277426,1.830946,,3.002,0.373,0.6353
bimodal,B,5,GUMBEL_SOFTMAX,NONE,42,10.2,2.389935,1.855433,,4.0747,0.6272,0.7999
bimodal,B,5,GUMBEL_SOFTMAX,NONE,123,4.5,2.330087,1.843257,,4.2063,0.2989,0.4758
bimodal,B,5,GUMBEL_SOFTMAX,NONE,7,9.6,2.414413,1.86203,,4.9166,0.7046,0.8335
bimodal,B,5,GUMBEL_SOFTMAX,NONE,2026,22.6,2.265665,1.827939,,4.997,0.4033,0.6593
bimodal,B,5,GUMBEL_SOFTMAX,NONE,31,7.6,2.318416,1.840485,,3.2691,0.389,0.5665
bimodal,B,5,GUMBEL_SOFTMAX,K_PENALTY,42,21.9,2.376704,1.854381,,3.2174,0.588,0.7478
bimodal,B,5,GUMBEL_SOFTMAX,K_PENALTY,123,7.2,2.310061,1.8391,,3.0036,0.2569,0.4144
bimodal,B,5,GUMBEL_SOFTMAX,K_PENALTY,7,10.0,2.366746,1.851423,,3.3466,0.6367,0.7505
bimodal,B,5,GUMBEL_SOFTMAX,K_PENALTY,2026,23.5,2.256914,1.826867,,2.7332,0.4499,0.7067
bimodal,B,5,GUMBEL_SOFTMAX,K_PENALTY,31,10.9,2.300892,1.83591,,2.0068,0.3999,0.5309
bimodal,B,5,GUMBEL_SOFTMAX,ELBO,42,8.8,2.408722,1.858889,,2.4615,0.6647,0.7689
bimodal,B,5,GUMBEL_SOFTMAX,ELBO,123,7.5,2.41004,1.864199,,2.373,0.3274,0.4447
bimodal,B,5,GUMBEL_SOFTMAX,ELBO,7,9.8,2.410142,1.860219,,2.3194,0.6613,0.754
bimodal,B,5,GUMBEL_SOFTMAX,ELBO,2026,7.2,2.285137,1.83849,,2.3628,0.4576,0.6266
bimodal,B,5,GUMBEL_SOFTMAX,ELBO,31,11.1,2.256906,1.827326,,2.4312,0.4512,0.5224
bimodal,C,5,NONE,NONE,42,8.4,2.493076,1.903389,1.783018,5.0,0.4545,0.5736
bimodal,C,5,NONE,NONE,123,10.3,2.707865,1.934194,1.786057,5.0,0.4543,0.5694
bimodal,C,5,NONE,NONE,7,11.2,2.623621,1.922246,1.691938,5.0,0.4658,0.5974
bimodal,C,5,NONE,NONE,2026,9.7,2.641141,1.914854,1.715716,5.0,0.4266,0.5676
bimodal,C,5,NONE,NONE,31,6.0,2.461509,1.88251,1.762834,5.0,0.486,0.6422
bimodal,B,7,NONE,NONE,42,3.3,2.369814,1.853548,1.862388,7.0,0.1459,0.2615
bimodal,B,7,NONE,NONE,123,2.6,2.300985,1.837327,1.859973,7.0,0.0593,0.0816
bimodal,B,7,NONE,NONE,7,6.1,2.380117,1.853695,1.863361,7.0,0.0778,0.1897
bimodal,B,7,NONE,NONE,2026,8.0,2.239821,1.822635,1.826663,7.0,0.1277,0.2445
bimodal,B,7,NONE,NONE,31,7.1,2.304441,1.836957,1.860069,7.0,0.2532,0.343
bimodal,B,7,SOFT_GATING,NONE,42,12.3,2.333411,1.843415,,5.326,0.5562,0.6103
bimodal,B,7,SOFT_GATING,NONE,123,11.0,2.291365,1.834728,,6.6134,0.3306,0.3999
bimodal,B,7,SOFT_GATING,NONE,7,35.7,2.343114,1.846813,,5.4152,0.238,0.3112
bimodal,B,7,SOFT_GATING,NONE,2026,21.2,2.238106,1.82261,,5.6449,0.1653,0.2987
bimodal,B,7,SOFT_GATING,NONE,31,12.6,2.239598,1.822222,,6.0053,0.3336,0.387
bimodal,B,7,SOFT_GATING,K_PENALTY,42,27.3,2.315955,1.838908,,2.777,0.8974,0.9392
bimodal,B,7,SOFT_GATING,K_PENALTY,123,18.2,2.312538,1.838494,,2.8562,0.2733,0.3631
bimodal,B,7,SOFT_GATING,K_PENALTY,7,21.7,2.461576,1.875837,,2.4596,0.3762,0.4548
bimodal,B,7,SOFT_GATING,K_PENALTY,2026,38.8,2.277362,1.830046,,2.473,0.6664,0.8909
bimodal,B,7,SOFT_GATING,K_PENALTY,31,38.8,2.240529,1.822695,,2.3568,0.3293,0.4269
bimodal,B,7,SOFT_GATING,ELBO,42,24.6,2.354372,1.848583,,3.7347,0.6841,0.744
bimodal,B,7,SOFT_GATING,ELBO,123,10.7,2.283152,1.833625,,3.8267,0.2451,0.3181
bimodal,B,7,SOFT_GATING,ELBO,7,16.9,2.260885,1.826895,,3.7996,0.5326,0.707
bimodal,B,7,SOFT_GATING,ELBO,2026,36.7,2.25904,1.827692,,3.7334,0.3221,0.5308
bimodal,B,7,SOFT_GATING,ELBO,31,10.7,2.251763,1.826369,,3.7651,0.23,0.2607
bimodal,B,7,GUMBEL_SOFTMAX,NONE,42,26.7,2.35818,1.848456,,6.5798,0.3406,0.374
bimodal,B,7,GUMBEL_SOFTMAX,NONE,123,7.2,2.360678,1.849268,,6.8621,0.3396,0.3808
bimodal,B,7,GUMBEL_SOFTMAX,NONE,7,21.8,2.419022,1.865094,,6.198,0.4359,0.4794
bimodal,B,7,GUMBEL_SOFTMAX,NONE,2026,33.5,2.252989,1.825744,,5.0052,0.2674,0.4212
bimodal,B,7,GUMBEL_SOFTMAX,NONE,31,13.6,2.355537,1.8464,,5.9042,0.3417,0.4351
bimodal,B,7,GUMBEL_SOFTMAX,K_PENALTY,42,40.9,2.34652,1.848275,,3.9226,0.3489,0.3815
bimodal,B,7,GUMBEL_SOFTMAX,K_PENALTY,123,19.0,2.299878,1.835831,,3.7683,0.1838,0.2352
bimodal,B,7,GUMBEL_SOFTMAX,K_PENALTY,7,38.5,2.339112,1.844719,,3.0,0.4269,0.5116
bimodal,B,7,GUMBEL_SOFTMAX,K_PENALTY,2026,27.7,2.386396,1.858293,,2.5947,0.1104,0.2145
bimodal,B,7,GUMBEL_SOFTMAX,K_PENALTY,31,27.0,2.208847,1.816851,,4.2856,0.3534,0.4487
bimodal,B,7,GUMBEL_SOFTMAX,ELBO,42,13.9,2.378276,1.855999,,2.5428,0.3598,0.4394
bimodal,B,7,GUMBEL_SOFTMAX,ELBO,123,8.6,2.435605,1.872383,,2.7016,0.2276,0.2722
bimodal,B,7,GUMBEL_SOFTMAX,ELBO,7,10.2,2.55348,1.901054,,2.6159,0.3559,0.4722
bimodal,B,7,GUMBEL_SOFTMAX,ELBO,2026,15.6,2.259572,1.827377,,2.6227,0.0446,0.0946
bimodal,B,7,GUMBEL_SOFTMAX,ELBO,31,17.8,2.351476,1.849383,,2.5867,0.0884,0.1283
bimodal,C,7,NONE,NONE,42,13.1,2.558329,1.91073,1.670789,7.0,0.3811,0.4467
bimodal,C,7,NONE,NONE,123,11.2,2.458389,1.874255,2.093351,7.0,0.3943,0.4877
bimodal,C,7,NONE,NONE,7,14.1,2.594773,1.910464,1.649189,7.0,0.4087,0.4812
bimodal,C,7,NONE,NONE,2026,14.2,2.310456,1.851376,1.662528,7.0,0.311,0.3733
bimodal,C,7,NONE,NONE,31,13.3,2.41343,1.866557,1.725077,7.0,0.3383,0.3999
piecewise,B,3,NONE,NONE,42,7.9,0.287774,0.521849,1.381746,3.0,0.1056,0.1056
piecewise,B,3,NONE,NONE,123,4.7,0.301123,0.526984,1.165693,3.0,0.0843,0.0843
piecewise,B,3,NONE,NONE,7,7.2,0.247082,0.538072,1.902904,3.0,0.1098,0.1098
piecewise,B,3,NONE,NONE,2026,8.4,0.342862,0.746279,1.910086,3.0,0.2035,0.2035
piecewise,B,3,NONE,NONE,31,7.5,0.428807,0.673273,0.797663,3.0,0.2772,0.2772
piecewise,B,3,SOFT_GATING,NONE,42,5.7,0.300608,0.484125,,2.7486,0.5543,0.5543
piecewise,B,3,SOFT_GATING,NONE,123,6.8,0.326167,0.46926,,2.7906,0.0401,0.0401
piecewise,B,3,SOFT_GATING,NONE,7,5.6,0.246489,0.478398,,2.8074,0.1774,0.1774
piecewise,B,3,SOFT_GATING,NONE,2026,12.2,0.281031,0.416015,,2.7223,0.0574,0.0574
piecewise,B,3,SOFT_GATING,NONE,31,9.3,0.288166,0.538213,,2.8925,0.0007,0.0007
piecewise,B,3,SOFT_GATING,K_PENALTY,42,5.6,0.293998,0.553732,,2.3082,0.5311,0.5311
piecewise,B,3,SOFT_GATING,K_PENALTY,123,6.4,0.306622,0.465288,,2.6933,0.039,0.039
piecewise,B,3,SOFT_GATING,K_PENALTY,7,12.9,0.228207,0.438228,,2.7469,0.0902,0.0902
piecewise,B,3,SOFT_GATING,K_PENALTY,2026,12.2,0.271975,0.367311,,2.4286,0.0649,0.0649
piecewise,B,3,SOFT_GATING,K_PENALTY,31,6.0,0.295162,0.55712,,2.8499,0.0062,0.0062
piecewise,B,3,SOFT_GATING,ELBO,42,14.4,0.278403,0.495999,,2.3314,0.0751,0.0751
piecewise,B,3,SOFT_GATING,ELBO,123,6.9,0.309375,0.601125,,2.3704,0.0003,0.0003
piecewise,B,3,SOFT_GATING,ELBO,7,14.6,0.262524,0.472311,,2.3462,0.1323,0.1323
piecewise,B,3,SOFT_GATING,ELBO,2026,11.7,0.337595,0.561239,,2.3172,0.1527,0.1527
piecewise,B,3,SOFT_GATING,ELBO,31,12.4,0.285778,0.587907,,2.3681,0.0006,0.0006
piecewise,B,3,GUMBEL_SOFTMAX,NONE,42,9.8,0.30009,0.582202,,2.9999,0.0966,0.0966
piecewise,B,3,GUMBEL_SOFTMAX,NONE,123,12.3,0.26862,0.446748,,2.8729,0.5909,0.5909
piecewise,B,3,GUMBEL_SOFTMAX,NONE,7,12.2,0.227437,0.487462,,2.9992,0.0348,0.0348
piecewise,B,3,GUMBEL_SOFTMAX,NONE,2026,10.5,0.325368,0.53433,,2.9999,0.0982,0.0982
piecewise,B,3,GUMBEL_SOFTMAX,NONE,31,4.4,0.321203,0.734305,,2.724,0.0437,0.0437
piecewise,B,3,GUMBEL_SOFTMAX,K_PENALTY,42,7.4,0.297167,0.559178,,2.9997,0.0972,0.0972
piecewise,B,3,GUMBEL_SOFTMAX,K_PENALTY,123,11.3,0.356133,0.503949,,2.9185,0.5897,0.5897
piecewise,B,3,GUMBEL_SOFTMAX,K_PENALTY,7,12.3,0.218136,0.483281,,2.9995,0.0209,0.0209
piecewise,B,3,GUMBEL_SOFTMAX,K_PENALTY,2026,10.9,0.328724,0.536268,,2.9999,0.0984,0.0984
piecewise,B,3,GUMBEL_SOFTMAX,K_PENALTY,31,8.5,0.296746,0.578457,,2.8349,0.0237,0.0237
piecewise,B,3,GUMBEL_SOFTMAX,ELBO,42,13.0,0.325545,0.870486,,2.0918,0.2684,0.2684
piecewise,B,3,GUMBEL_SOFTMAX,ELBO,123,11.2,0.305657,0.661537,,2.0612,0.1992,0.1992
piecewise,B,3,GUMBEL_SOFTMAX,ELBO,7,5.8,0.323896,0.793271,,2.0789,0.1423,0.1423
piecewise,B,3,GUMBEL_SOFTMAX,ELBO,2026,8.6,0.351781,0.695206,,2.1247,0.1151,0.1151
piecewise,B,3,GUMBEL_SOFTMAX,ELBO,31,11.9,0.312439,0.736399,,2.0354,0.1643,0.1643
piecewise,C,3,NONE,NONE,42,7.8,0.362506,0.80857,0.921175,3.0,0.3346,0.3346
piecewise,C,3,NONE,NONE,123,3.9,0.386167,0.825035,0.838419,3.0,0.3093,0.3093
piecewise,C,3,NONE,NONE,7,9.3,0.33166,0.797075,1.148672,3.0,0.3438,0.3438
piecewise,C,3,NONE,NONE,2026,6.9,0.390282,0.855616,1.498068,3.0,0.3293,0.3293
piecewise,C,3,NONE,NONE,31,9.1,0.383213,0.823181,1.089624,3.0,0.3714,0.3714
piecewise,B,5,NONE,NONE,42,4.5,0.281326,0.508077,1.074793,5.0,0.4388,0.5435
piecewise,B,5,NONE,NONE,123,6.9,0.310068,0.721653,1.901326,5.0,0.2734,0.2862
piecewise,B,5,NONE,NONE,7,9.0,0.24106,0.460954,0.625447,5.0,0.5104,0.5647
piecewise,B,5,NONE,NONE,2026,10.2,0.330817,0.506337,0.8405,5.0,0.603,0.7437
piecewise,B,5,NONE,NONE,31,7.0,0.328426,0.601613,0.909826,5.0,0.4167,0.4478
piecewise,B,5,SOFT_GATING,NONE,42,6.5,0.331678,0.540892,,4.1729,0.8291,0.8618
piecewise,B,5,SOFT_GATING,NONE,123,5.7,0.309209,0.556226,,4.5032,0.087,0.1249
piecewise,B,5,SOFT_GATING,NONE,7,18.4,0.220663,0.424894,,4.2161,0.7226,0.7802
piecewise,B,5,SOFT_GATING,NONE,2026,12.0,0.319849,0.455817,,4.3869,0.0639,0.076
piecewise,B,5,SOFT_GATING,NONE,31,10.4,0.318633,0.580754,,3.8002,0.4675,0.5692
piecewise,B,5,SOFT_GATING,K_PENALTY,42,7.4,0.285048,0.493456,,3.9129,0.9168,0.9541
piecewise,B,5,SOFT_GATING,K_PENALTY,123,18.5,0.30869,0.477386,,3.7955,0.4597,0.4601
piecewise,B,5,SOFT_GATING,K_PENALTY,7,7.1,0.251767,0.464736,,3.9405,0.3475,0.361
piecewise,B,5,SOFT_GATING,K_PENALTY,2026,13.1,0.324232,0.458491,,3.9304,0.3663,0.3753
piecewise,B,5,SOFT_GATING,K_PENALTY,31,9.2,0.303929,0.559869,,2.9964,0.7236,0.838
piecewise,B,5,SOFT_GATING,ELBO,42,18.0,0.291308,0.533399,,3.0845,0.9069,0.975
piecewise,B,5,SOFT_GATING,ELBO,123,9.7,0.347838,0.593687,,3.1742,0.7206,0.782
piecewise,B,5,SOFT_GATING,ELBO,7,25.3,0.228359,0.411551,,3.0479,0.4348,0.5154
piecewise,B,5,SOFT_GATING,ELBO,2026,11.8,0.348568,0.547919,,3.0733,0.0112,0.0171
piecewise,B,5,SOFT_GATING,ELBO,31,24.4,0.289719,0.545273,,3.0046,0.288,0.3265
piecewise,B,5,GUMBEL_SOFTMAX,NONE,42,11.3,0.28206,0.505639,,4.995,0.7787,0.8572
piecewise,B,5,GUMBEL_SOFTMAX,NONE,123,17.9,0.264382,0.442683,,4.4925,0.3006,0.3618
piecewise,B,5,GUMBEL_SOFTMAX,NONE,7,21.1,0.244407,0.48226,,4.9995,0.6991,0.7607
piecewise,B,5,GUMBEL_SOFTMAX,NONE,2026,24.6,0.301579,0.482506,,3.5176,0.2158,0.2912
piecewise,B,5,GUMBEL_SOFTMAX,NONE,31,9.2,0.305337,0.563633,,4.0826,0.5398,0.6298
piecewise,B,5,GUMBEL_SOFTMAX,K_PENALTY,42,12.6,0.289502,0.530906,,4.9842,0.7948,0.8629
piecewise,B,5,GUMBEL_SOFTMAX,K_PENALTY,123,8.2,0.292472,0.523414,,3.6581,0.2795,0.3951
piecewise,B,5,GUMBEL_SOFTMAX,K_PENALTY,7,10.1,0.237172,0.439106,,4.074,0.6649,0.7418
piecewise,B,5,GUMBEL_SOFTMAX,K_PENALTY,2026,19.2,0.301838,0.438605,,3.5746,0.2627,0.3369
piecewise,B,5,GUMBEL_SOFTMAX,K_PENALTY,31,12.3,0.30419,0.579898,,3.1114,0.5678,0.6345
piecewise,B,5,GUMBEL_SOFTMAX,ELBO,42,21.8,0.31723,0.529069,,2.3439,0.79,0.8169
piecewise,B,5,GUMBEL_SOFTMAX,ELBO,123,19.8,0.281603,0.480425,,2.3571,0.4002,0.4182
piecewise,B,5,GUMBEL_SOFTMAX,ELBO,7,17.1,0.243513,0.474206,,2.3634,0.0715,0.111
piecewise,B,5,GUMBEL_SOFTMAX,ELBO,2026,8.8,0.415933,0.673343,,2.3942,0.4237,0.4486
piecewise,B,5,GUMBEL_SOFTMAX,ELBO,31,10.1,0.299651,0.578793,,2.2933,0.5851,0.6115
piecewise,C,5,NONE,NONE,42,5.7,0.299794,0.615211,1.016318,5.0,0.4571,0.5808
piecewise,C,5,NONE,NONE,123,9.1,0.297275,0.592858,1.450576,5.0,0.4387,0.5362
piecewise,C,5,NONE,NONE,7,5.9,0.257368,0.597745,0.823015,5.0,0.431,0.5633
piecewise,C,5,NONE,NONE,2026,7.8,0.336607,0.622485,0.824823,5.0,0.477,0.6084
piecewise,C,5,NONE,NONE,31,9.0,0.336068,0.702551,1.646646,5.0,0.4483,0.5667
piecewise,B,7,NONE,NONE,42,4.6,0.305906,0.534399,1.061432,7.0,0.0031,0.005
piecewise,B,7,NONE,NONE,123,2.8,0.323826,0.641562,1.11688,7.0,0.0195,0.0288
piecewise,B,7,NONE,NONE,7,12.9,0.23645,0.434964,0.74187,7.0,0.4131,0.4249
piecewise,B,7,NONE,NONE,2026,6.8,0.353795,0.488169,1.139529,7.0,0.0269,0.0334
piecewise,B,7,NONE,NONE,31,8.6,0.376103,0.864963,1.564256,7.0,0.2646,0.3021
piecewise,B,7,SOFT_GATING,NONE,42,41.5,0.263866,0.461304,,5.3816,0.4836,0.4837
piecewise,B,7,SOFT_GATING,NONE,123,23.6,0.281409,0.521871,,4.5194,0.5827,0.6035
piecewise,B,7,SOFT_GATING,NONE,7,37.0,0.23058,0.405284,,5.7079,0.1277,0.1392
piecewise,B,7,SOFT_GATING,NONE,2026,16.9,0.337304,0.538343,,5.8162,0.1149,0.1382
piecewise,B,7,SOFT_GATING,NONE,31,38.2,0.297332,0.577248,,4.6938,0.4562,0.4907
piecewise,B,7,SOFT_GATING,K_PENALTY,42,34.1,0.284098,0.462054,,3.8179,0.5047,0.5717
piecewise,B,7,SOFT_GATING,K_PENALTY,123,38.1,0.287739,0.477376,,4.3534,0.5786,0.5859
piecewise,B,7,SOFT_GATING,K_PENALTY,7,18.7,0.248271,0.445398,,4.7511,0.1166,0.146
piecewise,B,7,SOFT_GATING,K_PENALTY,2026,12.6,0.330369,0.521818,,5.075,0.1469,0.1691
piecewise,B,7,SOFT_GATING,K_PENALTY,31,20.8,0.30536,0.547675,,3.9929,0.419,0.4701
piecewise,B,7,SOFT_GATING,ELBO,42,36.9,0.285864,0.481498,,3.7633,0.6505,0.7308
piecewise,B,7,SOFT_GATING,ELBO,123,28.9,0.372094,0.592688,,3.7293,0.5917,0.5996
piecewise,B,7,SOFT_GATING,ELBO,7,35.1,0.250557,0.44826,,3.8184,0.7039,0.7808
piecewise,B,7,SOFT_GATING,ELBO,2026,43.5,0.319987,0.46707,,3.7657,0.0822,0.085
piecewise,B,7,SOFT_GATING,ELBO,31,21.9,0.315014,0.578156,,3.6709,0.3971,0.46
piecewise,B,7,GUMBEL_SOFTMAX,NONE,42,15.7,0.289438,0.48718,,6.5325,0.5208,0.5337
piecewise,B,7,GUMBEL_SOFTMAX,NONE,123,16.1,0.302885,0.494468,,6.9877,0.1891,0.2574
piecewise,B,7,GUMBEL_SOFTMAX,NONE,7,19.7,0.230278,0.413816,,6.7579,0.6378,0.6621
piecewise,B,7,GUMBEL_SOFTMAX,NONE,2026,27.5,0.330845,0.558441,,5.5526,0.1719,0.1897
piecewise,B,7,GUMBEL_SOFTMAX,NONE,31,40.5,0.316425,0.573338,,6.0808,0.5627,0.5806
piecewise,B,7,GUMBEL_SOFTMAX,K_PENALTY,42,15.9,0.287234,0.530715,,5.9624,0.5687,0.6542
piecewise,B,7,GUMBEL_SOFTMAX,K_PENALTY,123,16.7,0.299147,0.491458,,6.9456,0.1506,0.2076
piecewise,B,7,GUMBEL_SOFTMAX,K_PENALTY,7,13.9,0.261222,0.623787,,6.488,0.6296,0.6639
piecewise,B,7,GUMBEL_SOFTMAX,K_PENALTY,2026,28.6,0.322133,0.468639,,4.6388,0.1162,0.1211
piecewise,B,7,GUMBEL_SOFTMAX,K_PENALTY,31,38.2,0.298551,0.55626,,5.7088,0.5525,0.5771
piecewise,B,7,GUMBEL_SOFTMAX,ELBO,42,30.2,0.315806,0.52239,,2.5916,0.7259,0.733
piecewise,B,7,GUMBEL_SOFTMAX,ELBO,123,16.7,0.326656,0.586956,,2.6607,0.0764,0.0887
piecewise,B,7,GUMBEL_SOFTMAX,ELBO,7,20.5,0.250803,0.583793,,2.686,0.5438,0.5577
piecewise,B,7,GUMBEL_SOFTMAX,ELBO,2026,16.2,0.338224,0.573788,,2.5455,0.28,0.2973
piecewise,B,7,GUMBEL_SOFTMAX,ELBO,31,9.2,0.373945,0.765638,,2.6696,0.4439,0.4801
piecewise,C,7,NONE,NONE,42,9.1,0.309616,0.571489,1.177045,7.0,0.2952,0.3975
piecewise,C,7,NONE,NONE,123,7.2,0.320419,0.559867,0.856118,7.0,0.291,0.3959
piecewise,C,7,NONE,NONE,7,12.6,0.246607,0.489808,1.355067,7.0,0.3364,0.4496
piecewise,C,7,NONE,NONE,2026,12.7,0.317039,0.551601,1.34263,7.0,0.3099,0.4249
piecewise,C,7,NONE,NONE,31,12.0,0.304851,0.638434,1.28267,7.0,0.3273,0.4456
exponential,B,3,NONE,NONE,42,6.5,1.13837,1.344763,1.786248,3.0,0.1241,0.1241
exponential,B,3,NONE,NONE,123,6.5,1.750394,1.554193,2.813714,3.0,0.7807,0.7807
exponential,B,3,NONE,NONE,7,6.2,0.536212,1.093525,1.21431,3.0,0.0886,0.0886
exponential,B,3,NONE,NONE,2026,6.3,14.817647,1.502344,3.722644,3.0,0.6557,0.6557
exponential,B,3,NONE,NONE,31,7.7,30.428463,2.033581,3.220887,3.0,0.6586,0.6586
exponential,B,3,SOFT_GATING,NONE,42,9.6,0.534589,1.078081,,2.4556,0.1017,0.1017
exponential,B,3,SOFT_GATING,NONE,123,8.9,0.274567,0.782208,,2.7136,0.9819,0.9819
exponential,B,3,SOFT_GATING,NONE,7,10.9,0.283795,0.803922,,2.9999,0.9609,0.9609
exponential,B,3,SOFT_GATING,NONE,2026,6.0,0.314076,0.837558,,2.7902,0.9561,0.9561
exponential,B,3,SOFT_GATING,NONE,31,10.2,0.315022,0.837279,,2.6197,0.0603,0.0603
exponential,B,3,SOFT_GATING,K_PENALTY,42,9.5,0.4164,1.076886,,2.447,0.1534,0.1534
exponential,B,3,SOFT_GATING,K_PENALTY,123,8.3,0.272474,0.779561,,2.6303,0.9826,0.9826
exponential,B,3,SOFT_GATING,K_PENALTY,7,10.7,0.286727,0.809205,,2.9998,0.9756,0.9756
exponential,B,3,SOFT_GATING,K_PENALTY,2026,5.7,0.297077,0.796579,,2.776,0.9602,0.9602
exponential,B,3,SOFT_GATING,K_PENALTY,31,7.5,0.346687,0.888646,,2.3705,0.104,0.104
exponential,B,3,SOFT_GATING,ELBO,42,8.1,0.374729,0.923242,,2.3291,0.1482,0.1482
exponential,B,3,SOFT_GATING,ELBO,123,9.1,0.281414,0.823783,,2.3686,0.278,0.278
exponential,B,3,SOFT_GATING,ELBO,7,12.8,0.28033,0.802034,,2.3651,1.0,1.0
exponential,B,3,SOFT_GATING,ELBO,2026,11.2,0.310924,0.831368,,2.359,0.4507,0.4507
exponential,B,3,SOFT_GATING,ELBO,31,6.1,0.472623,1.07416,,2.3733,0.3021,0.3021
exponential,B,3,GUMBEL_SOFTMAX,NONE,42,10.7,0.390273,0.964213,,3.0,0.8618,0.8618
exponential,B,3,GUMBEL_SOFTMAX,NONE,123,18.5,0.289894,0.815103,,3.0,0.8025,0.8025
exponential,B,3,GUMBEL_SOFTMAX,NONE,7,13.3,0.279975,0.794414,,3.0,0.9821,0.9821
exponential,B,3,GUMBEL_SOFTMAX,NONE,2026,11.2,0.301849,0.846198,,2.9999,0.9025,0.9025
exponential,B,3,GUMBEL_SOFTMAX,NONE,31,9.0,0.31469,0.832454,,2.7279,0.0673,0.0673
exponential,B,3,GUMBEL_SOFTMAX,K_PENALTY,42,11.6,0.44715,0.939099,,3.0,0.8553,0.8553
exponential,B,3,GUMBEL_SOFTMAX,K_PENALTY,123,12.5,0.290037,0.815899,,3.0,0.8006,0.8006
exponential,B,3,GUMBEL_SOFTMAX,K_PENALTY,7,12.6,0.27721,0.790437,,3.0,0.9833,0.9833
exponential,B,3,GUMBEL_SOFTMAX,K_PENALTY,2026,12.8,0.311219,0.853206,,2.9999,0.9077,0.9077
exponential,B,3,GUMBEL_SOFTMAX,K_PENALTY,31,10.9,0.31007,0.839114,,2.7144,0.0688,0.0688
exponential,B,3,GUMBEL_SOFTMAX,ELBO,42,16.5,1.090498,1.404295,,2.2893,0.1528,0.1528
exponential,B,3,GUMBEL_SOFTMAX,ELBO,123,17.4,1.294281,1.274915,,2.2187,0.533,0.533
exponential,B,3,GUMBEL_SOFTMAX,ELBO,7,6.4,21.369104,1.827718,,2.2332,0.5296,0.5296
exponential,B,3,GUMBEL_SOFTMAX,ELBO,2026,12.0,0.488314,1.087926,,2.2986,0.3132,0.3132
exponential,B,3,GUMBEL_SOFTMAX,ELBO,31,15.3,0.371879,0.979052,,2.341,0.1685,0.1685
exponential,C,3,NONE,NONE,42,7.7,6.211993,1.670655,2.325516,3.0,0.3268,0.3268
exponential,C,3,NONE,NONE,123,8.1,5.813259,1.586442,2.178614,3.0,0.3976,0.3976
exponential,C,3,NONE,NONE,7,6.9,5.177352,1.512952,2.125485,3.0,0.4203,0.4203
exponential,C,3,NONE,NONE,2026,4.6,5.734175,1.474298,2.221219,3.0,0.3553,0.3553
exponential,C,3,NONE,NONE,31,3.6,36.923416,2.10898,2.545837,3.0,0.3285,0.3285
exponential,B,5,NONE,NONE,42,10.7,10.429472,1.379072,2.083431,5.0,0.8366,0.9902
exponential,B,5,NONE,NONE,123,10.7,1.591339,0.953106,2.064996,5.0,0.7605,0.7886
exponential,B,5,NONE,NONE,7,6.4,2.315793,1.236336,4.22732,5.0,0.7342,0.8018
exponential,B,5,NONE,NONE,2026,9.6,12.008174,1.335628,2.214014,5.0,0.0352,0.0353
exponential,B,5,NONE,NONE,31,9.5,3.199874,1.336728,4.131459,5.0,0.9104,0.9983
exponential,B,5,SOFT_GATING,NONE,42,24.8,0.354167,0.937836,,3.9657,0.9816,0.9984
exponential,B,5,SOFT_GATING,NONE,123,15.3,0.37515,0.901763,,4.7033,0.0,0.0
exponential,B,5,SOFT_GATING,NONE,7,25.5,0.264588,0.775676,,4.7609,0.8896,0.9396
exponential,B,5,SOFT_GATING,NONE,2026,15.1,0.326637,0.878304,,4.7963,0.9391,0.9997
exponential,B,5,SOFT_GATING,NONE,31,19.5,0.318353,0.852125,,5.0,0.8298,0.8327
exponential,B,5,SOFT_GATING,K_PENALTY,42,23.2,0.361197,0.93336,,3.1054,0.9913,0.9998
exponential,B,5,SOFT_GATING,K_PENALTY,123,13.7,0.447447,0.898058,,4.6213,0.0,0.0
exponential,B,5,SOFT_GATING,K_PENALTY,7,21.3,0.269705,0.850018,,4.4355,0.9391,0.9866
exponential,B,5,SOFT_GATING,K_PENALTY,2026,22.2,0.295438,0.822067,,2.9575,0.975,0.9995
exponential,B,5,SOFT_GATING,K_PENALTY,31,19.3,0.326514,0.864524,,5.0,0.7764,0.7787
exponential,B,5,SOFT_GATING,ELBO,42,25.4,0.371346,0.939353,,3.1534,0.494,0.4986
exponential,B,5,SOFT_GATING,ELBO,123,25.0,0.275612,0.783762,,3.1779,0.9754,0.9754
exponential,B,5,SOFT_GATING,ELBO,7,26.5,0.243635,0.737696,,3.1672,0.568,0.5812
exponential,B,5,SOFT_GATING,ELBO,2026,17.6,0.405012,0.955135,,3.1373,0.4157,0.5315
exponential,B,5,SOFT_GATING,ELBO,31,25.7,0.333918,0.868888,,3.152,0.9966,1.0
exponential,B,5,GUMBEL_SOFTMAX,NONE,42,22.5,0.402472,0.974261,,4.8435,0.7773,0.8295
exponential,B,5,GUMBEL_SOFTMAX,NONE,123,22.5,0.903726,1.267078,,4.9987,0.135,0.1351
exponential,B,5,GUMBEL_SOFTMAX,NONE,7,23.7,0.566926,1.122514,,4.8994,0.9416,0.9987
exponential,B,5,GUMBEL_SOFTMAX,NONE,2026,26.0,0.333605,0.902921,,4.993,0.8956,0.9996
exponential,B,5,GUMBEL_SOFTMAX,NONE,31,26.3,0.316085,0.887442,,5.0,0.8617,0.8736
exponential,B,5,GUMBEL_SOFTMAX,K_PENALTY,42,24.1,0.341028,0.902566,,4.9191,0.6343,0.6916
exponential,B,5,GUMBEL_SOFTMAX,K_PENALTY,123,26.4,0.994351,1.214063,,4.8565,0.162,0.1621
exponential,B,5,GUMBEL_SOFTMAX,K_PENALTY,7,15.1,1.063634,1.26684,,4.6509,0.9515,0.998
exponential,B,5,GUMBEL_SOFTMAX,K_PENALTY,2026,19.7,0.338355,0.88539,,4.9753,0.9111,0.9994
exponential,B,5,GUMBEL_SOFTMAX,K_PENALTY,31,24.8,0.321909,0.892303,,5.0,0.8516,0.8684
exponential,B,5,GUMBEL_SOFTMAX,ELBO,42,13.7,2.044075,1.547063,,2.3894,0.7754,0.8257
exponential,B,5,GUMBEL_SOFTMAX,ELBO,123,19.2,1.563352,1.518088,,2.2991,0.8635,0.8927
exponential,B,5,GUMBEL_SOFTMAX,ELBO,7,22.2,0.757415,1.025442,,2.4184,0.231,0.2566
exponential,B,5,GUMBEL_SOFTMAX,ELBO,2026,26.9,0.374792,0.927365,,2.3577,0.845,0.8563
exponential,B,5,GUMBEL_SOFTMAX,ELBO,31,14.6,31.782417,1.928529,,2.5973,0.821,0.9754
exponential,C,5,NONE,NONE,42,8.8,2.96981,1.445551,1.963743,5.0,0.4388,0.5712
exponential,C,5,NONE,NONE,123,6.3,1.611397,1.178721,2.663449,5.0,0.5128,0.6628
exponential,C,5,NONE,NONE,7,9.8,1.772963,1.210434,2.160645,5.0,0.5323,0.6859
exponential,C,5,NONE,NONE,2026,8.2,2.678376,1.284765,1.787646,5.0,0.4173,0.5756
exponential,C,5,NONE,NONE,31,9.7,3.067506,1.367131,2.724486,5.0,0.4439,0.5817
exponential,B,7,NONE,NONE,42,10.8,1.86138,1.100984,2.342905,7.0,0.0005,0.0006
exponential,B,7,NONE,NONE,123,8.0,23.340254,1.864741,2.718013,7.0,0.5317,0.5331
exponential,B,7,NONE,NONE,7,8.0,0.794088,1.153348,2.425117,7.0,0.3464,0.3531
exponential,B,7,NONE,NONE,2026,11.4,0.520849,1.123749,2.013384,7.0,0.7135,0.7311
exponential,B,7,NONE,NONE,31,12.2,22.026489,1.649282,2.921089,7.0,0.9141,0.9827
exponential,B,7,SOFT_GATING,NONE,42,38.7,0.332864,0.872027,,5.1365,0.8619,0.8621
exponential,B,7,SOFT_GATING,NONE,123,36.6,0.327184,0.849414,,5.1176,0.0133,0.0161
exponential,B,7,SOFT_GATING,NONE,7,34.9,0.270401,0.793754,,5.7641,0.0365,0.0461
exponential,B,7,SOFT_GATING,NONE,2026,18.8,0.307439,0.820836,,6.7842,0.759,0.7703
exponential,B,7,SOFT_GATING,NONE,31,31.3,0.328041,0.857611,,5.8675,0.3116,0.3118
exponential,B,7,SOFT_GATING,K_PENALTY,42,34.9,0.352199,0.898366,,4.5615,0.8788,0.9532
exponential,B,7,SOFT_GATING,K_PENALTY,123,25.9,0.303527,0.818403,,4.3649,0.0099,0.0139
exponential,B,7,SOFT_GATING,K_PENALTY,7,36.1,0.324957,0.883233,,4.911,0.0759,0.0911
exponential,B,7,SOFT_GATING,K_PENALTY,2026,24.6,0.341049,0.877969,,6.2153,0.9508,0.9513
exponential,B,7,SOFT_GATING,K_PENALTY,31,24.6,0.307363,0.844139,,4.5401,0.6716,0.673
exponential,B,7,SOFT_GATING,ELBO,42,25.6,0.485259,1.107434,,3.8209,0.9274,0.9334
exponential,B,7,SOFT_GATING,ELBO,123,22.8,0.29608,0.814778,,3.9019,0.5246,0.5456
exponential,B,7,SOFT_GATING,ELBO,7,38.7,0.389944,0.907783,,3.7779,0.9776,0.9962
exponential,B,7,SOFT_GATING,ELBO,2026,39.6,0.302413,0.861247,,3.8193,0.5144,0.5158
exponential,B,7,SOFT_GATING,ELBO,31,39.7,0.319021,0.854581,,3.8917,0.5532,0.5534
exponential,B,7,GUMBEL_SOFTMAX,NONE,42,41.0,0.35905,0.904819,,5.943,0.6419,0.7608
exponential,B,7,GUMBEL_SOFTMAX,NONE,123,34.6,0.581151,1.177651,,6.5755,0.1154,0.1339
exponential,B,7,GUMBEL_SOFTMAX,NONE,7,19.5,0.582525,1.129566,,6.7333,0.088,0.0887
exponential,B,7,GUMBEL_SOFTMAX,NONE,2026,28.8,0.335256,0.867896,,6.9999,0.7542,0.7567
exponential,B,7,GUMBEL_SOFTMAX,NONE,31,36.1,0.362436,0.905705,,6.9998,0.8341,0.8341
exponential,B,7,GUMBEL_SOFTMAX,K_PENALTY,42,37.6,0.376224,0.963222,,5.7159,0.5325,0.6227
exponential,B,7,GUMBEL_SOFTMAX,K_PENALTY,123,38.2,0.521482,1.088401,,6.4559,0.0892,0.1025
exponential,B,7,GUMBEL_SOFTMAX,K_PENALTY,7,21.0,0.59853,1.148311,,6.297,0.1338,0.1347
exponential,B,7,GUMBEL_SOFTMAX,K_PENALTY,2026,35.1,0.320599,0.857341,,6.978,0.8457,0.846
exponential,B,7,GUMBEL_SOFTMAX,K_PENALTY,31,36.0,0.426976,0.93989,,6.9608,0.8433,0.8434
exponential,B,7,GUMBEL_SOFTMAX,ELBO,42,47.2,0.575959,1.203992,,2.7401,0.7891,0.7921
exponential,B,7,GUMBEL_SOFTMAX,ELBO,123,46.3,0.736751,0.894547,,3.3221,0.1436,0.1446
exponential,B,7,GUMBEL_SOFTMAX,ELBO,7,40.2,0.461176,1.033341,,2.6415,0.3289,0.3322
exponential,B,7,GUMBEL_SOFTMAX,ELBO,2026,44.5,0.401821,0.923108,,2.5789,0.0029,0.0038
exponential,B,7,GUMBEL_SOFTMAX,ELBO,31,35.7,1.96856,1.626935,,2.722,0.3792,0.3813
exponential,C,7,NONE,NONE,42,8.9,1.156167,1.239356,2.620098,7.0,0.3176,0.4376
exponential,C,7,NONE,NONE,123,9.0,0.779616,1.096037,1.843594,7.0,0.3526,0.4936
exponential,C,7,NONE,NONE,7,5.1,0.581252,1.083684,2.197142,7.0,0.3642,0.5203
exponential,C,7,NONE,NONE,2026,11.6,1.478031,1.200355,1.707612,7.0,0.3159,0.4616
exponential,C,7,NONE,NONE,31,8.4,1.448037,1.221863,2.393785,7.0,0.2959,0.4408
heteroscedastic,C,3,SOFT_GATING,NONE,42,6.9,2.020211,1.478469,,2.9818,0.2999,0.2999
heteroscedastic,C,3,SOFT_GATING,NONE,123,10.5,1.76422,1.412952,,2.7538,0.5855,0.5855
heteroscedastic,C,3,SOFT_GATING,NONE,7,3.2,1.657597,1.454207,,2.954,0.2917,0.2917
heteroscedastic,C,3,SOFT_GATING,NONE,2026,17.7,1.850406,1.597299,,2.9465,0.2829,0.2829
heteroscedastic,C,3,SOFT_GATING,NONE,31,7.9,1.67762,1.372491,,2.9943,0.2386,0.2386
heteroscedastic,C,3,SOFT_GATING,K_PENALTY,42,9.0,1.881217,1.486053,,2.9756,0.2635,0.2635
heteroscedastic,C,3,SOFT_GATING,K_PENALTY,123,12.9,1.753642,1.408252,,2.7262,0.8043,0.8043
heteroscedastic,C,3,SOFT_GATING,K_PENALTY,7,3.3,1.739249,1.456298,,2.9192,0.2705,0.2705
heteroscedastic,C,3,SOFT_GATING,K_PENALTY,2026,5.9,1.99734,1.603177,,2.6782,0.1897,0.1897
heteroscedastic,C,3,SOFT_GATING,K_PENALTY,31,8.2,1.678091,1.372736,,2.9931,0.2494,0.2494
heteroscedastic,C,3,SOFT_GATING,ELBO,42,13.8,1.884431,1.464853,,2.3746,0.2468,0.2468
heteroscedastic,C,3,SOFT_GATING,ELBO,123,19.1,2.055259,1.498924,,2.3329,0.4908,0.4908
heteroscedastic,C,3,SOFT_GATING,ELBO,7,22.4,1.711697,1.305219,,2.3615,0.2548,0.2548
heteroscedastic,C,3,SOFT_GATING,ELBO,2026,21.3,2.067163,1.617156,,2.3389,0.2079,0.2079
heteroscedastic,C,3,SOFT_GATING,ELBO,31,22.1,1.631433,1.342242,,2.3524,0.1894,0.1894
heteroscedastic,C,3,GUMBEL_SOFTMAX,NONE,42,8.5,1.899677,1.460513,,2.8239,0.4138,0.4138
heteroscedastic,C,3,GUMBEL_SOFTMAX,NONE,123,15.1,1.723778,1.409279,,3.0,0.4326,0.4326
heteroscedastic,C,3,GUMBEL_SOFTMAX,NONE,7,4.3,1.627612,1.32875,,2.9995,0.2116,0.2116
heteroscedastic,C,3,GUMBEL_SOFTMAX,NONE,2026,7.5,2.080896,1.745359,,2.6273,0.2911,0.2911
heteroscedastic,C,3,GUMBEL_SOFTMAX,NONE,31,11.7,1.651256,1.347225,,3.0,0.3517,0.3517
heteroscedastic,C,3,GUMBEL_SOFTMAX,K_PENALTY,42,7.8,2.166291,1.54049,,2.8029,0.3916,0.3916
heteroscedastic,C,3,GUMBEL_SOFTMAX,K_PENALTY,123,13.8,1.727789,1.408728,,3.0,0.4331,0.4331
heteroscedastic,C,3,GUMBEL_SOFTMAX,K_PENALTY,7,4.5,1.626562,1.335927,,2.9998,0.2141,0.2141
heteroscedastic,C,3,GUMBEL_SOFTMAX,K_PENALTY,2026,10.2,2.021752,1.74815,,2.5515,0.2442,0.2442
heteroscedastic,C,3,GUMBEL_SOFTMAX,K_PENALTY,31,11.8,1.647855,1.34575,,3.0,0.4197,0.4197
heteroscedastic,C,3,GUMBEL_SOFTMAX,ELBO,42,11.3,2.613973,1.803398,,2.0509,0.1556,0.1556
heteroscedastic,C,3,GUMBEL_SOFTMAX,ELBO,123,10.2,2.493244,1.829237,,2.0351,0.1114,0.1114
heteroscedastic,C,3,GUMBEL_SOFTMAX,ELBO,7,20.4,2.19646,1.727281,,2.0349,0.1718,0.1718
heteroscedastic,C,3,GUMBEL_SOFTMAX,ELBO,2026,17.1,2.26156,1.832356,,2.0493,0.1092,0.1092
heteroscedastic,C,3,GUMBEL_SOFTMAX,ELBO,31,12.6,2.047265,1.716249,,2.0742,0.2052,0.2052
heteroscedastic,C,5,SOFT_GATING,NONE,42,21.7,1.913116,1.431613,,3.8655,0.2068,0.2871
heteroscedastic,C,5,SOFT_GATING,NONE,123,17.7,1.720501,1.406484,,3.9983,0.1776,0.2618
heteroscedastic,C,5,SOFT_GATING,NONE,7,8.9,1.637103,1.341198,,3.6026,0.208,0.2782
heteroscedastic,C,5,SOFT_GATING,NONE,2026,27.9,1.842297,1.525971,,4.8483,0.4003,0.631
heteroscedastic,C,5,SOFT_GATING,NONE,31,15.8,1.660197,1.348192,,2.4937,0.5542,0.6983
heteroscedastic,C,5,SOFT_GATING,K_PENALTY,42,14.1,1.895798,1.414339,,3.767,0.3601,0.5243
heteroscedastic,C,5,SOFT_GATING,K_PENALTY,123,31.9,1.82458,1.444833,,3.0334,0.5632,0.6394
heteroscedastic,C,5,SOFT_GATING,K_PENALTY,7,13.3,1.640285,1.270308,,3.3063,0.206,0.2847
heteroscedastic,C,5,SOFT_GATING,K_PENALTY,2026,21.5,1.894271,1.593891,,4.6604,0.3849,0.5513
heteroscedastic,C,5,SOFT_GATING,K_PENALTY,31,8.6,1.846885,1.651834,,2.1378,0.5204,0.7274
heteroscedastic,C,5,SOFT_GATING,ELBO,42,32.7,1.906717,1.437526,,3.075,0.4793,0.5045
heteroscedastic,C,5,SOFT_GATING,ELBO,123,31.1,1.798228,1.437513,,3.0282,0.3512,0.39
heteroscedastic,C,5,SOFT_GATING,ELBO,7,33.2,1.615796,1.280857,,3.0623,0.3914,0.5243
heteroscedastic,C,5,SOFT_GATING,ELBO,2026,32.4,1.867832,1.481793,,3.0268,0.3906,0.4878
heteroscedastic,C,5,SOFT_GATING,ELBO,31,17.2,1.814798,1.4231,,3.0639,0.4801,0.5478
heteroscedastic,C,5,GUMBEL_SOFTMAX,NONE,42,18.4,2.013677,1.452514,,4.5389,0.3631,0.5666
heteroscedastic,C,5,GUMBEL_SOFTMAX,NONE,123,16.1,1.856581,1.4255,,4.7332,0.2987,0.5269
heteroscedastic,C,5,GUMBEL_SOFTMAX,NONE,7,15.7,1.652827,1.280967,,4.9997,0.5133,0.7442
heteroscedastic,C,5,GUMBEL_SOFTMAX,NONE,2026,11.4,1.90298,1.65797,,4.748,0.345,0.547
heteroscedastic,C,5,GUMBEL_SOFTMAX,NONE,31,8.6,1.741974,1.674667,,3.1798,0.2262,0.3098
heteroscedastic,C,5,GUMBEL_SOFTMAX,K_PENALTY,42,21.0,1.811888,1.407148,,4.4384,0.3186,0.4909
heteroscedastic,C,5,GUMBEL_SOFTMAX,K_PENALTY,123,16.1,1.719597,1.446237,,4.6044,0.2772,0.4605
heteroscedastic,C,5,GUMBEL_SOFTMAX,K_PENALTY,7,15.8,1.65301,1.281007,,4.9997,0.5369,0.7442
heteroscedastic,C,5,GUMBEL_SOFTMAX,K_PENALTY,2026,14.8,1.981736,1.553542,,4.123,0.4582,0.6191
heteroscedastic,C,5,GUMBEL_SOFTMAX,K_PENALTY,31,18.0,1.724099,1.6129,,3.03,0.3245,0.3951
heteroscedastic,C,5,GUMBEL_SOFTMAX,ELBO,42,19.2,2.115018,1.70352,,2.3496,0.241,0.4565
heteroscedastic,C,5,GUMBEL_SOFTMAX,ELBO,123,11.2,1.884151,1.675116,,2.2219,0.2713,0.5185
heteroscedastic,C,5,GUMBEL_SOFTMAX,ELBO,7,22.2,1.727581,1.646886,,2.3525,0.1625,0.2819
heteroscedastic,C,5,GUMBEL_SOFTMAX,ELBO,2026,17.8,2.005578,1.72279,,2.1945,0.1702,0.2852
heteroscedastic,C,5,GUMBEL_SOFTMAX,ELBO,31,27.6,1.762716,1.604103,,2.3444,0.2486,0.4501
heteroscedastic,C,7,SOFT_GATING,NONE,42,14.8,1.910719,1.54977,,5.0412,0.5448,0.7056
heteroscedastic,C,7,SOFT_GATING,NONE,123,29.4,1.73714,1.41296,,6.9901,0.6508,0.712
heteroscedastic,C,7,SOFT_GATING,NONE,7,22.3,1.678876,1.33261,,4.5569,0.102,0.1667
heteroscedastic,C,7,SOFT_GATING,NONE,2026,28.6,1.835239,1.481105,,4.9084,0.3461,0.3705
heteroscedastic,C,7,SOFT_GATING,NONE,31,28.2,1.640372,1.366329,,6.1778,0.3408,0.6124
heteroscedastic,C,7,SOFT_GATING,K_PENALTY,42,11771.6,2.187114,1.433925,,4.5876,0.5511,0.7393
heteroscedastic,C,7,SOFT_GATING,K_PENALTY,123,18.8,1.705361,1.393056,,6.989,0.6564,0.7106
heteroscedastic,C,7,SOFT_GATING,K_PENALTY,7,17.9,1.615732,1.345806,,4.0009,0.3257,0.376
heteroscedastic,C,7,SOFT_GATING,K_PENALTY,2026,26.1,1.835656,1.476233,,4.6906,0.3673,0.3907
heteroscedastic,C,7,SOFT_GATING,K_PENALTY,31,18.6,1.572122,1.345059,,5.1462,0.2008,0.3495
heteroscedastic,C,7,SOFT_GATING,ELBO,42,34.6,1.789073,1.418927,,3.8379,0.0523,0.0918
heteroscedastic,C,7,SOFT_GATING,ELBO,123,21.3,1.964314,1.60481,,3.9623,0.2361,0.3052
heteroscedastic,C,7,SOFT_GATING,ELBO,7,37.5,1.593272,1.317078,,3.769,0.074,0.1371
heteroscedastic,C,7,SOFT_GATING,ELBO,2026,29.8,2.085429,1.560697,,3.7765,0.0461,0.065
heteroscedastic,C,7,SOFT_GATING,ELBO,31,40.3,1.597811,1.34581,,3.7914,0.0673,0.1039
heteroscedastic,C,7,GUMBEL_SOFTMAX,NONE,42,13.3,2.043225,1.488639,,5.3902,0.1731,0.2919
heteroscedastic,C,7,GUMBEL_SOFTMAX,NONE,123,22.2,1.77523,1.407812,,6.9998,0.2268,0.3107
heteroscedastic,C,7,GUMBEL_SOFTMAX,NONE,7,15.4,1.800551,1.33857,,5.0561,0.1212,0.2202
heteroscedastic,C,7,GUMBEL_SOFTMAX,NONE,2026,12.1,1.876386,1.527523,,5.2152,0.3327,0.5192
heteroscedastic,C,7,GUMBEL_SOFTMAX,NONE,31,22.7,1.709329,1.376208,,6.356,0.5644,0.696
heteroscedastic,C,7,GUMBEL_SOFTMAX,K_PENALTY,42,29.2,1.759256,1.47495,,5.1801,0.2214,0.3708
heteroscedastic,C,7,GUMBEL_SOFTMAX,K_PENALTY,123,18.4,1.693156,1.427603,,5.3718,0.268,0.3596
heteroscedastic,C,7,GUMBEL_SOFTMAX,K_PENALTY,7,22.4,1.729658,1.32289,,4.3253,0.2412,0.3016
heteroscedastic,C,7,GUMBEL_SOFTMAX,K_PENALTY,2026,13.5,1.945932,1.575869,,5.0549,0.3824,0.5299
heteroscedastic,C,7,GUMBEL_SOFTMAX,K_PENALTY,31,14.0,1.900383,1.397159,,6.341,0.5122,0.6445
heteroscedastic,C,7,GUMBEL_SOFTMAX,ELBO,42,38.1,1.873694,1.626901,,2.5079,0.0915,0.1873
heteroscedastic,C,7,GUMBEL_SOFTMAX,ELBO,123,30.1,1.977668,1.699569,,2.5777,0.1323,0.2624
heteroscedastic,C,7,GUMBEL_SOFTMAX,ELBO,7,24.5,1.645393,1.647897,,2.5737,0.1936,0.3056
heteroscedastic,C,7,GUMBEL_SOFTMAX,ELBO,2026,25.6,1.947965,1.738458,,2.6635,0.423,0.5726
heteroscedastic,C,7,GUMBEL_SOFTMAX,ELBO,31,27.0,1.630228,1.596438,,2.5284,0.1644,0.2851
bimodal,C,3,SOFT_GATING,NONE,42,4.6,2.303305,1.838195,,2.8026,0.3975,0.3975
bimodal,C,3,SOFT_GATING,NONE,123,2.7,2.274867,1.830372,,2.9879,0.4143,0.4143
bimodal,C,3,SOFT_GATING,NONE,7,4.9,2.469826,1.882415,,2.9096,0.2944,0.2944
bimodal,C,3,SOFT_GATING,NONE,2026,13.8,2.259586,1.827607,,2.9071,0.2933,0.2933
bimodal,C,3,SOFT_GATING,NONE,31,4.5,2.245941,1.823644,,2.9817,0.2589,0.2589
bimodal,C,3,SOFT_GATING,K_PENALTY,42,4.8,2.303985,1.838519,,2.7553,0.4019,0.4019
bimodal,C,3,SOFT_GATING,K_PENALTY,123,3.7,2.296778,1.835225,,2.9167,0.4546,0.4546
bimodal,C,3,SOFT_GATING,K_PENALTY,7,1.7,2.897089,1.9745,,2.7614,0.1521,0.1521
bimodal,C,3,SOFT_GATING,K_PENALTY,2026,15.3,2.339471,1.848758,,2.6149,0.2677,0.2677
bimodal,C,3,SOFT_GATING,K_PENALTY,31,4.5,2.250854,1.824314,,2.9669,0.24,0.24
bimodal,C,3,SOFT_GATING,ELBO,42,11.1,2.393092,1.856418,,2.3483,0.1813,0.1813
bimodal,C,3,SOFT_GATING,ELBO,123,5.4,2.364115,1.853097,,2.3347,0.3725,0.3725
bimodal,C,3,SOFT_GATING,ELBO,7,12.4,2.321367,1.840622,,2.3384,0.1569,0.1569
bimodal,C,3,SOFT_GATING,ELBO,2026,15.8,2.284384,1.833257,,2.357,0.2245,0.2245
bimodal,C,3,SOFT_GATING,ELBO,31,7.2,2.289127,1.834425,,2.3205,0.2318,0.2318
bimodal,C,3,GUMBEL_SOFTMAX,NONE,42,8.2,2.36804,1.85183,,2.9921,0.4977,0.4977
bimodal,C,3,GUMBEL_SOFTMAX,NONE,123,2.1,2.303036,1.837444,,2.9972,0.1058,0.1058
bimodal,C,3,GUMBEL_SOFTMAX,NONE,7,8.8,2.283339,1.831724,,2.9999,0.5742,0.5742
bimodal,C,3,GUMBEL_SOFTMAX,NONE,2026,14.9,2.225467,1.820215,,3.0,0.4768,0.4768
bimodal,C,3,GUMBEL_SOFTMAX,NONE,31,3.8,2.249477,1.824462,,2.9982,0.3932,0.3932
bimodal,C,3,GUMBEL_SOFTMAX,K_PENALTY,42,9.6,2.360962,1.84979,,2.9893,0.4498,0.4498
bimodal,C,3,GUMBEL_SOFTMAX,K_PENALTY,123,2.2,2.302981,1.837424,,2.9968,0.1048,0.1048
bimodal,C,3,GUMBEL_SOFTMAX,K_PENALTY,7,4.5,2.290738,1.833612,,2.9994,0.5231,0.5231
bimodal,C,3,GUMBEL_SOFTMAX,K_PENALTY,2026,16.1,2.233556,1.821737,,2.9625,0.3561,0.3561
bimodal,C,3,GUMBEL_SOFTMAX,K_PENALTY,31,3.7,2.249349,1.824434,,2.998,0.3934,0.3934
bimodal,C,3,GUMBEL_SOFTMAX,ELBO,42,7.4,3.147631,2.007703,,2.0838,0.315,0.315
bimodal,C,3,GUMBEL_SOFTMAX,ELBO,123,7.2,2.81133,1.95583,,2.1106,0.2535,0.2535
bimodal,C,3,GUMBEL_SOFTMAX,ELBO,7,5.0,2.59212,1.915755,,2.1999,0.2849,0.2849
bimodal,C,3,GUMBEL_SOFTMAX,ELBO,2026,4.4,2.625957,1.910509,,2.1532,0.2278,0.2278
bimodal,C,3,GUMBEL_SOFTMAX,ELBO,31,7.4,2.805302,1.962411,,2.1513,0.2821,0.2821
bimodal,C,5,SOFT_GATING,NONE,42,15.3,2.350024,1.847549,,3.7685,0.476,0.6859
bimodal,C,5,SOFT_GATING,NONE,123,10.3,2.343932,1.845144,,4.7428,0.0858,0.1728
bimodal,C,5,SOFT_GATING,NONE,7,9.5,2.379641,1.852282,,4.3157,0.2771,0.4956
bimodal,C,5,SOFT_GATING,NONE,2026,13.0,2.228429,1.820696,,4.7235,0.6102,0.7412
bimodal,C,5,SOFT_GATING,NONE,31,23.0,2.289728,1.834695,,3.9382,0.5712,0.6759
bimodal,C,5,SOFT_GATING,K_PENALTY,42,22.0,2.381851,1.854179,,2.692,0.3159,0.5444
bimodal,C,5,SOFT_GATING,K_PENALTY,123,11.5,2.295475,1.836142,,4.0755,0.258,0.3467
bimodal,C,5,SOFT_GATING,K_PENALTY,7,4.7,2.433121,1.866172,,4.0598,0.2272,0.34
bimodal,C,5,SOFT_GATING,K_PENALTY,2026,24.7,2.312298,1.84024,,3.7763,0.3931,0.5054
bimodal,C,5,SOFT_GATING,K_PENALTY,31,8.4,2.34047,1.843931,,2.8776,0.3281,0.5602
bimodal,C,5,SOFT_GATING,ELBO,42,23.3,2.376888,1.852534,,3.0716,0.3483,0.5761
bimodal,C,5,SOFT_GATING,ELBO,123,5.3,2.365949,1.855149,,3.039,0.3048,0.3804
bimodal,C,5,SOFT_GATING,ELBO,7,21.3,2.370494,1.853922,,3.0565,0.1802,0.359
bimodal,C,5,SOFT_GATING,ELBO,2026,23.5,2.28146,1.832329,,3.0749,0.3586,0.5619
bimodal,C,5,SOFT_GATING,ELBO,31,14.1,2.417565,1.86053,,2.9781,0.3461,0.6021
bimodal,C,5,GUMBEL_SOFTMAX,NONE,42,15.5,2.394507,1.856474,,3.9148,0.2742,0.4479
bimodal,C,5,GUMBEL_SOFTMAX,NONE,123,6.1,2.32031,1.840066,,4.981,0.4436,0.6643
bimodal,C,5,GUMBEL_SOFTMAX,NONE,7,13.2,2.418129,1.862166,,4.9891,0.5852,0.6795
bimodal,C,5,GUMBEL_SOFTMAX,NONE,2026,12.1,2.24898,1.825095,,4.9986,0.4638,0.6916
bimodal,C,5,GUMBEL_SOFTMAX,NONE,31,10.7,2.48126,1.875717,,2.3562,0.2595,0.5271
bimodal,C,5,GUMBEL_SOFTMAX,K_PENALTY,42,10.0,2.625845,1.900465,,2.2771,0.241,0.4605
bimodal,C,5,GUMBEL_SOFTMAX,K_PENALTY,123,6.3,2.322821,1.840429,,4.9602,0.288,0.4951
bimodal,C,5,GUMBEL_SOFTMAX,K_PENALTY,7,14.6,2.448429,1.866469,,4.9441,0.6515,0.7874
bimodal,C,5,GUMBEL_SOFTMAX,K_PENALTY,2026,20.4,2.391092,1.855581,,3.6901,0.3604,0.5043
bimodal,C,5,GUMBEL_SOFTMAX,K_PENALTY,31,14.2,2.422213,1.862175,,2.1324,0.2395,0.4449
bimodal,C,5,GUMBEL_SOFTMAX,ELBO,42,9.7,2.949522,1.956449,,2.3652,0.2874,0.5091
bimodal,C,5,GUMBEL_SOFTMAX,ELBO,123,5.4,2.391883,1.873747,,2.1333,0.2282,0.4117
bimodal,C,5,GUMBEL_SOFTMAX,ELBO,7,19.3,2.279422,1.843928,,2.249,0.2859,0.4869
bimodal,C,5,GUMBEL_SOFTMAX,ELBO,2026,21.2,2.530526,1.88498,,2.2916,0.3142,0.5102
bimodal,C,5,GUMBEL_SOFTMAX,ELBO,31,5.4,2.690856,1.923984,,2.2862,0.2177,0.4097
bimodal,C,7,SOFT_GATING,NONE,42,23.1,2.345491,1.850374,,4.9512,0.567,0.6841
bimodal,C,7,SOFT_GATING,NONE,123,31.1,2.298774,1.836333,,6.3439,0.1473,0.1649
bimodal,C,7,SOFT_GATING,NONE,7,10.1,2.391671,1.85892,,4.9504,0.1831,0.3012
bimodal,C,7,SOFT_GATING,NONE,2026,28.7,2.228259,1.819791,,6.4208,0.3988,0.4657
bimodal,C,7,SOFT_GATING,NONE,31,39.1,2.230006,1.820953,,5.5343,0.3645,0.5697
bimodal,C,7,SOFT_GATING,K_PENALTY,42,18.8,2.320369,1.841522,,4.054,0.3412,0.4969
bimodal,C,7,SOFT_GATING,K_PENALTY,123,24.8,2.358489,1.850254,,4.0388,0.1172,0.1428
bimodal,C,7,SOFT_GATING,K_PENALTY,7,11.6,2.43165,1.864703,,3.0699,0.0696,0.1247
bimodal,C,7,SOFT_GATING,K_PENALTY,2026,14.9,2.230484,1.821927,,4.1106,0.3205,0.4678
bimodal,C,7,SOFT_GATING,K_PENALTY,31,41.1,2.251472,1.824953,,3.3248,0.3961,0.4971
bimodal,C,7,SOFT_GATING,ELBO,42,24.3,2.380738,1.853954,,3.7592,0.3538,0.4848
bimodal,C,7,SOFT_GATING,ELBO,123,14.4,2.303762,1.844345,,3.798,0.2165,0.4003
bimodal,C,7,SOFT_GATING,ELBO,7,24.0,2.373206,1.852096,,3.7071,0.2805,0.4012
bimodal,C,7,SOFT_GATING,ELBO,2026,36.8,2.233108,1.821246,,3.7169,0.1796,0.3045
bimodal,C,7,SOFT_GATING,ELBO,31,21.4,2.370487,1.855128,,3.6414,0.1987,0.3705
bimodal,C,7,GUMBEL_SOFTMAX,NONE,42,28.3,2.337133,1.845175,,6.6589,0.51,0.5795
bimodal,C,7,GUMBEL_SOFTMAX,NONE,123,23.7,2.346885,1.846547,,6.9989,0.2181,0.2445
bimodal,C,7,GUMBEL_SOFTMAX,NONE,7,14.3,2.289092,1.834268,,6.9741,0.4834,0.5063
bimodal,C,7,GUMBEL_SOFTMAX,NONE,2026,10.9,2.23683,1.822297,,6.9927,0.4035,0.5036
bimodal,C,7,GUMBEL_SOFTMAX,NONE,31,23.2,2.253877,1.825584,,6.9999,0.5127,0.6613
bimodal,C,7,GUMBEL_SOFTMAX,K_PENALTY,42,23.4,2.446997,1.866001,,4.3862,0.2214,0.34
bimodal,C,7,GUMBEL_SOFTMAX,K_PENALTY,123,21.8,2.329612,1.844163,,6.9941,0.2937,0.3129
bimodal,C,7,GUMBEL_SOFTMAX,K_PENALTY,7,8.7,2.458621,1.869851,,5.049,0.0957,0.233
bimodal,C,7,GUMBEL_SOFTMAX,K_PENALTY,2026,21.5,2.268684,1.830601,,4.822,0.235,0.4918
bimodal,C,7,GUMBEL_SOFTMAX,K_PENALTY,31,34.4,2.227332,1.820938,,6.9996,0.4642,0.661
bimodal,C,7,GUMBEL_SOFTMAX,ELBO,42,14.5,2.636786,1.909088,,2.7635,0.1399,0.2784
bimodal,C,7,GUMBEL_SOFTMAX,ELBO,123,9.3,2.582589,1.904721,,2.5862,0.1265,0.2618
bimodal,C,7,GUMBEL_SOFTMAX,ELBO,7,15.8,2.641728,1.908051,,2.4224,0.1212,0.2531
bimodal,C,7,GUMBEL_SOFTMAX,ELBO,2026,20.0,2.463191,1.86965,,2.4889,0.2458,0.4617
bimodal,C,7,GUMBEL_SOFTMAX,ELBO,31,32.9,2.484992,1.872872,,2.4339,0.1736,0.3488
piecewise,C,3,SOFT_GATING,NONE,42,11.2,0.299351,0.54092,,2.8325,0.29,0.29
piecewise,C,3,SOFT_GATING,NONE,123,7.4,0.329215,0.501112,,2.7266,0.5786,0.5786
piecewise,C,3,SOFT_GATING,NONE,7,4.5,0.23905,0.454233,,2.7101,0.0518,0.0518
piecewise,C,3,SOFT_GATING,NONE,2026,9.9,0.325731,0.504328,,2.9581,0.3409,0.3409
piecewise,C,3,SOFT_GATING,NONE,31,7.3,0.291199,0.575259,,2.9974,0.4971,0.4971
piecewise,C,3,SOFT_GATING,K_PENALTY,42,8.7,0.292926,0.522646,,2.7468,0.2278,0.2278
piecewise,C,3,SOFT_GATING,K_PENALTY,123,7.3,0.333943,0.513225,,2.6953,0.4073,0.4073
piecewise,C,3,SOFT_GATING,K_PENALTY,7,4.4,0.243203,0.494167,,2.756,0.029,0.029
piecewise,C,3,SOFT_GATING,K_PENALTY,2026,11.1,0.326715,0.49487,,2.7342,0.3411,0.3411
piecewise,C,3,SOFT_GATING,K_PENALTY,31,7.2,0.333781,0.604006,,2.9965,0.5109,0.5109
piecewise,C,3,SOFT_GATING,ELBO,42,17.9,0.278606,0.508004,,2.3462,0.5468,0.5468
piecewise,C,3,SOFT_GATING,ELBO,123,15.4,0.398086,0.634757,,2.348,0.4886,0.4886
piecewise,C,3,SOFT_GATING,ELBO,7,9.3,0.258623,0.590546,,2.3623,0.2399,0.2399
piecewise,C,3,SOFT_GATING,ELBO,2026,6.3,0.345184,0.688723,,2.3754,0.0857,0.0857
piecewise,C,3,SOFT_GATING,ELBO,31,5.1,0.378649,0.943693,,2.3157,0.1735,0.1735
piecewise,C,3,GUMBEL_SOFTMAX,NONE,42,8.5,0.301242,0.529854,,2.9951,0.2988,0.2988
piecewise,C,3,GUMBEL_SOFTMAX,NONE,123,6.3,0.297202,0.500601,,2.993,0.6154,0.6154
piecewise,C,3,GUMBEL_SOFTMAX,NONE,7,11.7,0.235431,0.424405,,2.9944,0.3323,0.3323
piecewise,C,3,GUMBEL_SOFTMAX,NONE,2026,7.2,0.388321,0.873826,,2.9617,0.3136,0.3136
piecewise,C,3,GUMBEL_SOFTMAX,NONE,31,11.3,0.293166,0.568836,,3.0,0.1747,0.1747
piecewise,C,3,GUMBEL_SOFTMAX,K_PENALTY,42,11.2,0.291771,0.513808,,2.9978,0.3385,0.3385
piecewise,C,3,GUMBEL_SOFTMAX,K_PENALTY,123,6.5,0.295656,0.499079,,2.9876,0.4726,0.4726
piecewise,C,3,GUMBEL_SOFTMAX,K_PENALTY,7,9.1,0.236944,0.440593,,2.9949,0.2667,0.2667
piecewise,C,3,GUMBEL_SOFTMAX,K_PENALTY,2026,5.1,0.395519,0.906478,,2.5745,0.2517,0.2517
piecewise,C,3,GUMBEL_SOFTMAX,K_PENALTY,31,4.7,0.317069,0.597999,,2.9998,0.2064,0.2064
piecewise,C,3,GUMBEL_SOFTMAX,ELBO,42,8.7,0.486794,1.002929,,2.179,0.2164,0.2164
piecewise,C,3,GUMBEL_SOFTMAX,ELBO,123,13.5,0.533569,1.052605,,2.1396,0.1936,0.1936
piecewise,C,3,GUMBEL_SOFTMAX,ELBO,7,9.4,0.511864,1.093745,,2.112,0.1532,0.1532
piecewise,C,3,GUMBEL_SOFTMAX,ELBO,2026,6.4,0.762134,1.149829,,2.0778,0.1837,0.1837
piecewise,C,3,GUMBEL_SOFTMAX,ELBO,31,13.3,0.597206,1.139207,,2.1226,0.2446,0.2446
piecewise,C,5,SOFT_GATING,NONE,42,5.2,0.292622,0.513322,,4.0677,0.3847,0.4596
piecewise,C,5,SOFT_GATING,NONE,123,13.7,0.271768,0.4728,,4.8072,0.1245,0.1842
piecewise,C,5,SOFT_GATING,NONE,7,20.2,0.229172,0.435093,,4.6258,0.7439,0.8034
piecewise,C,5,SOFT_GATING,NONE,2026,16.1,0.324621,0.499892,,4.4345,0.6997,0.8207
piecewise,C,5,SOFT_GATING,NONE,31,5.6,0.523225,0.998958,,3.0008,0.711,0.7758
piecewise,C,5,SOFT_GATING,K_PENALTY,42,14.0,0.314577,0.571416,,3.7535,0.7119,0.7718
piecewise,C,5,SOFT_GATING,K_PENALTY,123,4.6,0.337476,0.548451,,4.6248,0.1542,0.222
piecewise,C,5,SOFT_GATING,K_PENALTY,7,24.0,0.237281,0.401537,,4.0815,0.3291,0.4195
piecewise,C,5,SOFT_GATING,K_PENALTY,2026,12.8,0.33371,0.508603,,4.1939,0.222,0.3696
piecewise,C,5,SOFT_GATING,K_PENALTY,31,2.9,0.475558,1.118218,,2.3522,0.4984,0.6083
piecewise,C,5,SOFT_GATING,ELBO,42,16.7,0.286266,0.499862,,3.0908,0.3636,0.5434
piecewise,C,5,SOFT_GATING,ELBO,123,27.7,0.281554,0.479712,,3.0845,0.2483,0.4303
piecewise,C,5,SOFT_GATING,ELBO,7,22.8,0.242786,0.490726,,3.136,0.1539,0.2189
piecewise,C,5,SOFT_GATING,ELBO,2026,11.9,0.37439,0.626866,,3.1088,0.3545,0.5293
piecewise,C,5,SOFT_GATING,ELBO,31,14.2,0.380031,0.680863,,3.1763,0.4296,0.5951
piecewise,C,5,GUMBEL_SOFTMAX,NONE,42,5.1,0.36825,0.581023,,4.9551,0.3997,0.5797
piecewise,C,5,GUMBEL_SOFTMAX,NONE,123,18.4,0.291927,0.509562,,4.9996,0.5364,0.6671
piecewise,C,5,GUMBEL_SOFTMAX,NONE,7,10.0,0.257061,0.459527,,4.9783,0.3419,0.5331
piecewise,C,5,GUMBEL_SOFTMAX,NONE,2026,10.1,0.334003,0.531513,,4.9972,0.3375,0.5754
piecewise,C,5,GUMBEL_SOFTMAX,NONE,31,4.6,0.60143,1.08566,,2.5667,0.2517,0.356
piecewise,C,5,GUMBEL_SOFTMAX,K_PENALTY,42,9.3,0.339985,0.552576,,4.9765,0.3829,0.6001
piecewise,C,5,GUMBEL_SOFTMAX,K_PENALTY,123,13.7,0.27055,0.470216,,4.9996,0.4868,0.7086
piecewise,C,5,GUMBEL_SOFTMAX,K_PENALTY,7,7.9,0.306747,0.526273,,4.9358,0.3446,0.5115
piecewise,C,5,GUMBEL_SOFTMAX,K_PENALTY,2026,18.0,0.345286,0.603013,,4.9931,0.3345,0.6315
piecewise,C,5,GUMBEL_SOFTMAX,K_PENALTY,31,4.5,0.55619,1.083001,,2.5079,0.2181,0.3131
piecewise,C,5,GUMBEL_SOFTMAX,ELBO,42,18.1,0.381625,0.877945,,2.2743,0.3839,0.5524
piecewise,C,5,GUMBEL_SOFTMAX,ELBO,123,15.6,0.38258,0.791031,,2.2945,0.3352,0.4517
piecewise,C,5,GUMBEL_SOFTMAX,ELBO,7,11.5,0.354739,0.83834,,2.3503,0.2733,0.3731
piecewise,C,5,GUMBEL_SOFTMAX,ELBO,2026,24.4,0.430079,0.863765,,2.3649,0.2674,0.4043
piecewise,C,5,GUMBEL_SOFTMAX,ELBO,31,7.4,0.43723,0.926556,,2.2317,0.2802,0.417
piecewise,C,7,SOFT_GATING,NONE,42,26.3,0.323185,0.615254,,4.6633,0.1652,0.2686
piecewise,C,7,SOFT_GATING,NONE,123,7.3,0.38259,0.911424,,3.6987,0.135,0.2088
piecewise,C,7,SOFT_GATING,NONE,7,22.9,0.238849,0.459926,,6.0996,0.1367,0.2553
piecewise,C,7,SOFT_GATING,NONE,2026,16.7,0.329176,0.635857,,6.2755,0.4641,0.4794
piecewise,C,7,SOFT_GATING,NONE,31,39.0,0.269396,0.456223,,4.9153,0.2422,0.2923
piecewise,C,7,SOFT_GATING,K_PENALTY,42,22.3,0.345623,0.752088,,3.4673,0.0888,0.1322
piecewise,C,7,SOFT_GATING,K_PENALTY,123,5.3,0.319146,0.953645,,4.7257,0.0711,0.1545
piecewise,C,7,SOFT_GATING,K_PENALTY,7,12.2,0.23798,0.475275,,5.2062,0.2661,0.4907
piecewise,C,7,SOFT_GATING,K_PENALTY,2026,6.1,0.391787,0.792758,,5.7356,0.4113,0.422
piecewise,C,7,SOFT_GATING,K_PENALTY,31,38.3,0.285191,0.513245,,4.7523,0.2336,0.2839
piecewise,C,7,SOFT_GATING,ELBO,42,32.6,0.283142,0.499768,,3.7968,0.2664,0.4621
piecewise,C,7,SOFT_GATING,ELBO,123,43.6,0.294007,0.486348,,3.7392,0.4252,0.4817
piecewise,C,7,SOFT_GATING,ELBO,7,16.5,0.243811,0.469392,,3.8375,0.3429,0.4623
piecewise,C,7,SOFT_GATING,ELBO,2026,6.5,0.382826,1.417306,,3.8754,0.2287,0.3747
piecewise,C,7,SOFT_GATING,ELBO,31,25.7,0.297723,0.605532,,3.7971,0.3487,0.386
piecewise,C,7,GUMBEL_SOFTMAX,NONE,42,21.5,0.314994,0.7223,,4.4818,0.2869,0.4426
piecewise,C,7,GUMBEL_SOFTMAX,NONE,123,15.1,0.271265,0.521964,,6.9823,0.2102,0.322
piecewise,C,7,GUMBEL_SOFTMAX,NONE,7,17.9,0.359608,0.615969,,6.5484,0.3392,0.6058
piecewise,C,7,GUMBEL_SOFTMAX,NONE,2026,15.4,0.338949,0.532195,,6.9999,0.2788,0.4732
piecewise,C,7,GUMBEL_SOFTMAX,NONE,31,37.7,0.303786,0.572624,,5.3562,0.5284,0.8029
piecewise,C,7,GUMBEL_SOFTMAX,K_PENALTY,42,21.8,0.591393,1.039358,,2.6285,0.1048,0.1894
piecewise,C,7,GUMBEL_SOFTMAX,K_PENALTY,123,24.3,0.290015,0.463703,,6.9787,0.2391,0.3459
piecewise,C,7,GUMBEL_SOFTMAX,K_PENALTY,7,18.6,0.346355,0.600096,,6.5453,0.302,0.5758
piecewise,C,7,GUMBEL_SOFTMAX,K_PENALTY,2026,16.8,0.32571,0.486198,,5.5298,0.2038,0.384
piecewise,C,7,GUMBEL_SOFTMAX,K_PENALTY,31,38.0,0.278222,0.52008,,5.0808,0.3018,0.4565
piecewise,C,7,GUMBEL_SOFTMAX,ELBO,42,29.4,0.373503,0.761707,,2.565,0.0626,0.1117
piecewise,C,7,GUMBEL_SOFTMAX,ELBO,123,25.8,0.332796,0.726999,,2.6289,0.1509,0.2158
piecewise,C,7,GUMBEL_SOFTMAX,ELBO,7,27.0,0.334086,0.850113,,2.503,0.1887,0.3158
piecewise,C,7,GUMBEL_SOFTMAX,ELBO,2026,28.4,0.37098,0.725156,,2.7123,0.202,0.3623
piecewise,C,7,GUMBEL_SOFTMAX,ELBO,31,24.6,0.385101,0.828375,,2.5186,0.2425,0.4532
exponential,C,3,SOFT_GATING,NONE,42,12.1,0.357287,0.933759,,2.2304,0.1022,0.1022
exponential,C,3,SOFT_GATING,NONE,123,9.9,0.286924,0.798608,,2.8099,0.6612,0.6612
exponential,C,3,SOFT_GATING,NONE,7,8.6,0.302972,0.801008,,2.9986,0.6573,0.6573
exponential,C,3,SOFT_GATING,NONE,2026,7.0,0.389232,0.905603,,2.8221,0.0655,0.0655
exponential,C,3,SOFT_GATING,NONE,31,8.7,0.307912,0.845138,,2.5885,0.0961,0.0961
exponential,C,3,SOFT_GATING,K_PENALTY,42,10.2,0.509834,1.031196,,2.1866,0.1191,0.1191
exponential,C,3,SOFT_GATING,K_PENALTY,123,5.4,0.517175,0.92394,,2.5963,0.5456,0.5456
exponential,C,3,SOFT_GATING,K_PENALTY,7,11.9,0.281948,0.784187,,2.9983,0.67,0.67
exponential,C,3,SOFT_GATING,K_PENALTY,2026,8.3,0.290373,0.796186,,2.7512,0.0496,0.0496
exponential,C,3,SOFT_GATING,K_PENALTY,31,8.3,0.531993,1.055382,,2.374,0.2332,0.2332
exponential,C,3,SOFT_GATING,ELBO,42,10.2,0.461849,1.0388,,2.3152,0.0922,0.0922
exponential,C,3,SOFT_GATING,ELBO,123,13.2,0.271036,0.787246,,2.3643,0.4724,0.4724
exponential,C,3,SOFT_GATING,ELBO,7,9.0,0.260347,0.745025,,2.3072,0.194,0.194
exponential,C,3,SOFT_GATING,ELBO,2026,8.8,0.323851,0.861413,,2.378,0.1031,0.1031
exponential,C,3,SOFT_GATING,ELBO,31,4.8,0.599044,1.217648,,2.3812,0.1145,0.1145
exponential,C,3,GUMBEL_SOFTMAX,NONE,42,12.2,0.519449,1.004366,,3.0,0.1345,0.1345
exponential,C,3,GUMBEL_SOFTMAX,NONE,123,10.1,0.289589,0.814988,,2.9999,0.5633,0.5633
exponential,C,3,GUMBEL_SOFTMAX,NONE,7,11.7,0.295915,0.794554,,3.0,0.4842,0.4842
exponential,C,3,GUMBEL_SOFTMAX,NONE,2026,10.1,0.297629,0.83986,,3.0,0.1456,0.1456
exponential,C,3,GUMBEL_SOFTMAX,NONE,31,11.4,0.31742,0.84863,,2.7571,0.1143,0.1143
exponential,C,3,GUMBEL_SOFTMAX,K_PENALTY,42,12.4,0.469197,0.959637,,3.0,0.1114,0.1114
exponential,C,3,GUMBEL_SOFTMAX,K_PENALTY,123,10.2,0.290047,0.816101,,2.9999,0.5717,0.5717
exponential,C,3,GUMBEL_SOFTMAX,K_PENALTY,7,11.8,0.298524,0.797321,,3.0,0.4748,0.4748
exponential,C,3,GUMBEL_SOFTMAX,K_PENALTY,2026,10.2,0.297154,0.836963,,3.0,0.1429,0.1429
exponential,C,3,GUMBEL_SOFTMAX,K_PENALTY,31,11.6,0.312852,0.842206,,2.7295,0.0821,0.0821
exponential,C,3,GUMBEL_SOFTMAX,ELBO,42,4.6,4.616693,1.5826,,2.2526,0.1345,0.1345
exponential,C,3,GUMBEL_SOFTMAX,ELBO,123,11.1,0.368142,1.032205,,2.3753,0.249,0.249
exponential,C,3,GUMBEL_SOFTMAX,ELBO,7,11.5,3.081101,1.441897,,2.1998,0.2122,0.2122
exponential,C,3,GUMBEL_SOFTMAX,ELBO,2026,14.6,0.408377,1.034718,,2.289,0.1638,0.1638
exponential,C,3,GUMBEL_SOFTMAX,ELBO,31,13.9,0.374257,0.976159,,2.3378,0.1372,0.1372
exponential,C,5,SOFT_GATING,NONE,42,18.4,0.357546,0.932197,,4.9898,0.4118,0.4684
exponential,C,5,SOFT_GATING,NONE,123,18.2,0.295543,0.811961,,5.0,0.1781,0.2537
exponential,C,5,SOFT_GATING,NONE,7,19.3,0.268394,0.76539,,5.0,0.7217,0.8147
exponential,C,5,SOFT_GATING,NONE,2026,20.5,0.363994,0.899873,,4.9707,0.73,0.7897
exponential,C,5,SOFT_GATING,NONE,31,16.4,0.307262,0.844862,,4.9332,0.3057,0.4706
exponential,C,5,SOFT_GATING,K_PENALTY,42,18.4,0.356369,0.92944,,4.9848,0.421,0.4752
exponential,C,5,SOFT_GATING,K_PENALTY,123,18.1,0.29641,0.81102,,5.0,0.1701,0.2452
exponential,C,5,SOFT_GATING,K_PENALTY,7,12.9,0.246661,0.753436,,4.9822,0.7275,0.8211
exponential,C,5,SOFT_GATING,K_PENALTY,2026,19.8,0.333125,0.910994,,4.9575,0.8386,0.8942
exponential,C,5,SOFT_GATING,K_PENALTY,31,12.8,0.337717,0.882461,,4.8623,0.5528,0.8345
exponential,C,5,SOFT_GATING,ELBO,42,23.1,2.588321,1.108198,,3.2782,0.4758,0.5761
exponential,C,5,SOFT_GATING,ELBO,123,20.4,0.470049,0.967879,,3.0573,0.0288,0.0344
exponential,C,5,SOFT_GATING,ELBO,7,21.8,0.257145,0.751774,,3.0996,0.3651,0.3922
exponential,C,5,SOFT_GATING,ELBO,2026,19.9,0.333105,0.845637,,3.0617,0.1842,0.2069
exponential,C,5,SOFT_GATING,ELBO,31,23.2,1.188543,1.188105,,3.1459,0.5021,0.5437
exponential,C,5,GUMBEL_SOFTMAX,NONE,42,18.8,0.360474,0.932522,,4.9999,0.5545,0.7225
exponential,C,5,GUMBEL_SOFTMAX,NONE,123,18.5,0.295787,0.81347,,5.0,0.3231,0.4676
exponential,C,5,GUMBEL_SOFTMAX,NONE,7,20.0,0.335041,0.85333,,5.0,0.5202,0.6137
exponential,C,5,GUMBEL_SOFTMAX,NONE,2026,16.7,0.391063,0.89943,,4.9834,0.4828,0.5225
exponential,C,5,GUMBEL_SOFTMAX,NONE,31,19.0,0.309987,0.842142,,5.0,0.3778,0.4733
exponential,C,5,GUMBEL_SOFTMAX,K_PENALTY,42,18.9,0.360926,0.933544,,4.9999,0.4651,0.6999
exponential,C,5,GUMBEL_SOFTMAX,K_PENALTY,123,18.6,0.299245,0.81885,,5.0,0.3336,0.4769
exponential,C,5,GUMBEL_SOFTMAX,K_PENALTY,7,20.1,0.263984,0.765076,,4.9899,0.4899,0.5786
exponential,C,5,GUMBEL_SOFTMAX,K_PENALTY,2026,19.8,0.337663,0.862229,,4.9957,0.5367,0.593
exponential,C,5,GUMBEL_SOFTMAX,K_PENALTY,31,19.0,0.30534,0.835521,,5.0,0.1161,0.2047
exponential,C,5,GUMBEL_SOFTMAX,ELBO,42,15.9,6.853272,1.763739,,2.4176,0.3551,0.5719
exponential,C,5,GUMBEL_SOFTMAX,ELBO,123,17.8,8.041118,1.868389,,2.4063,0.4016,0.5701
exponential,C,5,GUMBEL_SOFTMAX,ELBO,7,20.2,1.686942,1.29995,,2.375,0.2973,0.3332
exponential,C,5,GUMBEL_SOFTMAX,ELBO,2026,8.4,2.667906,1.425205,,2.6079,0.2014,0.2715
exponential,C,5,GUMBEL_SOFTMAX,ELBO,31,19.3,9.080883,1.83227,,2.5002,0.4483,0.6101
exponential,C,7,SOFT_GATING,NONE,42,32.3,0.374672,0.949592,,5.0094,0.0237,0.0314
exponential,C,7,SOFT_GATING,NONE,123,31.0,0.320402,0.857383,,6.5247,0.3834,0.7011
exponential,C,7,SOFT_GATING,NONE,7,23.5,0.288207,0.812699,,6.655,0.1021,0.1903
exponential,C,7,SOFT_GATING,NONE,2026,30.0,0.290527,0.807053,,6.593,0.2846,0.3145
exponential,C,7,SOFT_GATING,NONE,31,28.5,0.309193,0.841913,,6.9699,0.4803,0.647
exponential,C,7,SOFT_GATING,K_PENALTY,42,12.0,0.347028,0.885148,,4.3903,0.104,0.126
exponential,C,7,SOFT_GATING,K_PENALTY,123,29.5,0.28305,0.806542,,6.3348,0.414,0.7342
exponential,C,7,SOFT_GATING,K_PENALTY,7,28.7,0.307178,0.80859,,6.5168,0.5416,0.672
exponential,C,7,SOFT_GATING,K_PENALTY,2026,29.5,0.298878,0.818324,,6.7041,0.28,0.3056
exponential,C,7,SOFT_GATING,K_PENALTY,31,28.7,0.314537,0.851314,,5.7675,0.4629,0.624
exponential,C,7,SOFT_GATING,ELBO,42,24.3,0.48248,1.017089,,3.8755,0.0421,0.0896
exponential,C,7,SOFT_GATING,ELBO,123,14.9,0.280956,0.792036,,3.9231,0.2149,0.2509
exponential,C,7,SOFT_GATING,ELBO,7,29.8,4.04497,1.318533,,3.8687,0.3501,0.3727
exponential,C,7,SOFT_GATING,ELBO,2026,36.9,0.305262,0.849336,,3.7701,0.3204,0.3727
exponential,C,7,SOFT_GATING,ELBO,31,22.9,0.367869,0.919392,,3.7457,0.1476,0.1961
exponential,C,7,GUMBEL_SOFTMAX,NONE,42,29.7,0.384004,0.931773,,6.9997,0.1245,0.1951
exponential,C,7,GUMBEL_SOFTMAX,NONE,123,29.6,0.277729,0.786995,,6.9999,0.1418,0.2569
exponential,C,7,GUMBEL_SOFTMAX,NONE,7,33.5,0.585409,0.953075,,6.931,0.6445,0.8499
exponential,C,7,GUMBEL_SOFTMAX,NONE,2026,29.1,0.300997,0.849701,,7.0,0.3182,0.3531
exponential,C,7,GUMBEL_SOFTMAX,NONE,31,28.4,0.307693,0.843707,,7.0,0.4569,0.6675
exponential,C,7,GUMBEL_SOFTMAX,K_PENALTY,42,31.5,0.386165,0.928502,,5.0601,0.2154,0.3514
exponential,C,7,GUMBEL_SOFTMAX,K_PENALTY,123,29.7,0.280839,0.791679,,6.9999,0.2769,0.3709
exponential,C,7,GUMBEL_SOFTMAX,K_PENALTY,7,33.4,1.233477,0.964556,,6.8556,0.63,0.8345
exponential,C,7,GUMBEL_SOFTMAX,K_PENALTY,2026,31.6,0.312138,0.873681,,7.0,0.362,0.3809
exponential,C,7,GUMBEL_SOFTMAX,K_PENALTY,31,19.8,0.408778,0.939183,,7.0,0.4336,0.6218
exponential,C,7,GUMBEL_SOFTMAX,ELBO,42,27.5,0.58844,1.229136,,2.9028,0.1153,0.1831
exponential,C,7,GUMBEL_SOFTMAX,ELBO,123,22.4,3.556918,1.404371,,2.7614,0.1105,0.2046
exponential,C,7,GUMBEL_SOFTMAX,ELBO,7,36.1,4.602198,1.370713,,2.8362,0.1993,0.3043
exponential,C,7,GUMBEL_SOFTMAX,ELBO,2026,22.7,3.80636,1.389082,,2.4431,0.3016,0.38
exponential,C,7,GUMBEL_SOFTMAX,ELBO,31,27.2,1.152581,1.440546,,2.866,0.0552,0.0634
